'2019-02-11T21:40:27.892Z',1,39.718145389078366
'2018-05-15T08:04:04.580Z',7,117.0376564084763
'2019-12-06T22:22:48.544Z',6,55.62208681964182
'2019-08-22T16:30:42.392Z',8,115.2207354961295
'2018-10-10T03:34:47.309Z',2,134.94192935296473
'2019-11-06T16:38:50.134Z',3,31.441679133237017
'2018-09-11T11:22:26.521Z',7,101.06105102213039
'2019-06-17T02:37:41.693Z',1,71.96460038
'2017-05-03T16:00:54.923Z',2,81.67426959
'2020-01-17T01:44:37.233Z',3,102.77055805103969
'2018-07-22T20:31:01.969Z',5,67.30535713840213
'2018-06-26T23:21:13.271Z',2,158.44538230476374
'2019-04-06T01:04:43.973Z',7,61.42339339833593
'2017-05-25T20:50:37.137Z',3,54.67137322414436
'2018-06-26T02:24:38.715Z',4,122.30918146348135
'2017-12-14T11:28:30.031Z',7,82.15964553750338
'2020-02-06T12:14:36.282Z',6,131.65987891080385
'2020-04-10T23:29:46.804Z',5,123.93528398902329
'2019-02-14T07:28:31.104Z',8,112.53044509193751
'2018-04-21T04:18:01.863Z',4,50.86583592650371
'2018-05-02T03:57:22.388Z',3,116.62982729669602
'2019-12-12T21:32:01.533Z',5,49.056071014283766
'2019-06-02T11:33:15.096Z',7,56.51158867
'2019-09-20T17:28:38.643Z',8,38.74860139651864
'2019-12-21T12:23:13.696Z',7,115.64052715703252
'2018-06-20T02:18:00.254Z',6,103.57613671689575
'2019-04-28T07:01:15.932Z',5,39.11528698753412
'2018-05-23T18:15:24.432Z',1,136.77951877238795
'2018-03-07T22:56:54.735Z',5,122.6773063807222
'2019-04-15T12:24:20.170Z',3,71.02493653936602
'2018-05-22T04:28:04.569Z',2,137.8019637279584
'2018-06-04T05:11:15.294Z',5,65.15833624900348
'2019-06-18T11:17:03.676Z',3,130.97012158989244
'2019-01-04T21:12:38.428Z',8,56.80533257859876
'2017-10-10T01:37:18.769Z',5,43.27836200894579
'2018-07-04T00:34:31.322Z',8,65.52684708658961
'2017-08-30T12:40:52.641Z',6,57.008904417553445
'2018-07-25T23:27:34.530Z',1,122.43499029028857
'2018-05-09T03:09:25.897Z',1,75.38095754001415
'2019-11-21T23:35:02.479Z',2,149.7360813013385
'2018-12-04T00:08:37.569Z',2,81.10438260941211
'2019-11-16T08:11:08.666Z',8,65.55592976
'2019-11-03T20:24:38.219Z',6,53.70507001111754
'2017-10-01T14:47:29.444Z',1,99.33443001127412
'2017-09-25T00:11:10.923Z',4,89.70210897202662
'2018-06-14T03:09:15.751Z',3,105.27220156289907
'2018-07-06T00:35:40.063Z',2,113.50392637210302
'2019-05-16T20:17:06.720Z',6,71.25137524
'2019-11-17T09:19:09.682Z',8,149.0971082279313
'2018-01-01T07:26:31.444Z',4,123.55572117178238
'2017-12-06T03:46:28.378Z',4,55.25485080738503
'2018-07-15T23:04:22.325Z',8,78.65666201120496
'2018-09-15T13:06:14.139Z',6,44.22580561704055
'2018-10-26T20:41:23.428Z',8,122.11637851493803
'2017-08-16T09:51:35.096Z',7,48.65911128333891
'2016-12-02T08:04:45.937Z',8,84.05108407223999
'2020-02-05T03:28:52.924Z',4,40.306509135573634
'2019-03-09T01:05:15.721Z',3,68.88290318792109
'2019-04-11T18:53:36.645Z',6,87.53637991989693
'2018-07-10T03:17:28.857Z',8,132.22951658373907
'2019-09-23T11:07:08.376Z',1,140.56266342560167
'2018-10-13T19:02:04.952Z',5,74.17998651599399
'2018-04-14T19:47:06.649Z',8,82.56808781434164
'2019-02-23T16:13:35.970Z',4,72.26375031242301
'2018-09-14T23:33:17.679Z',2,46.731824088077374
'2018-03-30T20:03:22.716Z',6,39.76477470674226
'2018-05-30T05:01:21.334Z',6,51.718782977279055
'2019-05-28T14:47:23.973Z',5,71.36659567437728
'2019-06-28T14:19:18.995Z',2,59.09276090183358
'2019-11-21T11:21:36.739Z',7,33.41808399293863
'2017-09-01T11:51:46.788Z',2,32.940865882868835
'2017-07-18T10:51:55.733Z',5,78.35146470419957
'2019-08-18T02:49:20.543Z',5,103.7765084914419
'2020-02-20T00:36:30.807Z',3,85.41374069109672
'2017-04-10T23:33:10.082Z',3,77.95866140384386
'2016-12-19T19:40:17.782Z',2,28.098902628941254
'2019-09-27T21:32:36.824Z',2,98.58295820350527
'2018-05-02T15:42:21.755Z',2,40.85973188769328
'2018-04-25T15:55:31.477Z',7,140.31169305624633
'2019-04-15T14:49:30.838Z',1,58.507615969325414
'2019-10-29T03:41:26.912Z',6,148.4688281207464
'2018-01-03T09:10:59.771Z',3,43.29608695072889
'2018-04-28T18:48:34.862Z',2,61.88628596625975
'2019-12-26T14:29:19.631Z',4,59.12624080633313
'2019-06-05T08:15:20.979Z',1,110.42056194431119
'2016-06-08T10:56:25.212Z',1,46.09258624782886
'2019-05-06T01:41:27.086Z',1,83.30672226118827
'2019-08-10T01:39:40.313Z',1,39.350134975792805
'2016-08-28T16:44:40.361Z',6,85.65270105
'2016-12-29T08:29:20.559Z',3,81.07129569
'2019-02-18T12:57:11.124Z',5,39.57663199309648
'2017-03-26T08:45:35.004Z',3,44.59371986162783
'2017-06-18T11:15:50.035Z',8,25.175194945524527
'2019-08-01T00:15:06.426Z',6,122.77616996249728
'2017-09-12T15:12:48.010Z',6,42.64281892675646
'2018-09-26T23:27:09.597Z',7,66.78839100928437
'2019-07-01T01:51:26.871Z',8,55.28899802
'2020-04-06T00:45:35.910Z',3,68.04214316881821
'2019-12-23T09:54:13.302Z',7,115.80761043142893
'2017-03-28T22:58:05.087Z',4,54.68641704834421
'2018-09-14T06:42:41.636Z',1,64.06344204019086
'2017-12-02T04:32:23.123Z',6,33.36784130612156
'2019-09-15T18:30:40.798Z',7,122.90101714208843
'2020-02-15T18:57:49.869Z',8,116.32429000786146
'2018-03-01T00:41:52.080Z',5,57.78477375565548
'2019-06-16T07:59:05.594Z',3,139.71812294848579
'2017-05-07T23:40:43.989Z',6,77.38152575523857
'2017-12-01T06:15:20.772Z',7,89.63743655
'2019-09-14T06:23:32.909Z',4,122.8135687308762
'2017-05-12T22:58:40.931Z',6,31.46730344461449
'2020-04-19T08:27:25.536Z',8,36.33762057107673
'2018-06-12T04:48:40.715Z',2,77.94164494454556
'2019-09-01T22:01:35.536Z',5,85.01756541579698
'2019-12-08T16:20:25.477Z',8,49.84654793006807
'2017-08-30T06:13:52.097Z',3,86.02927126
'2019-01-01T18:48:23.343Z',3,41.26025370973873
'2018-02-26T02:43:13.292Z',5,131.71312308331136
'2018-12-18T04:49:24.384Z',4,79.97412473090259
'2020-03-26T23:06:05.388Z',5,70.33549902283389
'2017-03-29T21:28:18.971Z',8,54.84317401983205
'2018-02-03T05:48:55.511Z',4,61.23111785253473
'2018-12-31T20:08:35.474Z',4,63.42563475771362
'2017-11-19T17:22:48.891Z',3,75.87047839
'2017-06-13T12:29:10.438Z',4,45.51555049851821
'2018-07-18T01:04:09.876Z',7,148.89768659847257
'2019-07-25T00:26:35.948Z',6,69.17358014668844
'2019-08-27T01:20:16.006Z',4,72.71605101852825
'2018-05-29T01:45:46.631Z',5,45.08432379873971
'2019-04-26T22:49:56.260Z',8,123.86979026859099
'2017-05-13T15:57:14.220Z',6,47.989773650385786
'2020-02-05T22:42:57.243Z',8,121.26234489476354
'2018-07-22T03:39:51.084Z',3,50.28512073024441
'2016-10-25T11:08:11.678Z',1,92.86927017
'2020-02-28T13:48:53.779Z',4,125.22207335031936
'2018-01-04T14:19:57.077Z',4,88.08386047261446
'2018-11-21T22:12:37.307Z',5,120.44455096555112
'2017-02-25T07:42:53.951Z',1,87.57952437287346
'2018-03-26T01:51:23.046Z',7,141.63630860796985
'2017-07-31T20:42:22.614Z',4,52.81563183637319
'2017-08-25T10:54:07.427Z',2,78.49429704512552
'2019-06-21T15:05:41.233Z',1,137.50885067010267
'2018-01-30T19:26:07.656Z',5,132.44824277916473
'2018-04-05T20:31:27.130Z',8,121.4956298
'2016-12-11T16:41:35.400Z',7,26.921904425921767
'2017-03-18T07:40:09.855Z',6,59.53162406298413
'2017-09-29T19:13:15.649Z',6,67.40107423105457
'2019-05-24T15:36:17.532Z',7,88.85823576563041
'2019-01-26T14:21:47.436Z',6,56.56723390171032
'2020-01-25T19:05:08.521Z',6,123.87449640736953
'2018-11-06T14:12:49.730Z',3,113.66340575590407
'2019-12-19T07:14:30.039Z',8,44.796447257683404
'2018-04-28T23:03:07.994Z',2,25.353261234525547
'2018-11-28T15:57:37.123Z',4,129.07046850966185
'2019-12-25T10:11:36.131Z',5,85.67661597139924
'2018-04-06T09:28:38.984Z',6,62.58068633333344
'2020-03-12T01:55:46.721Z',2,97.28000055788928
'2019-01-14T18:54:49.071Z',3,109.93227892309707
'2019-08-18T01:58:34.250Z',3,43.58402975808376
'2018-01-31T23:55:52.385Z',8,80.90200983182172
'2018-03-01T23:52:38.760Z',3,39.94387887200756
'2020-04-04T04:31:57.111Z',1,133.29078207339072
'2019-05-26T14:41:31.227Z',4,134.6490531487738
'2018-04-07T02:25:01.256Z',5,134.34188820505327
'2018-10-22T09:59:09.117Z',8,50.63300951042867
'2019-08-14T12:35:14.039Z',6,51.41555604695189
'2019-07-19T13:10:13.348Z',2,98.39755642399079
'2019-11-15T18:06:11.298Z',1,77.69844392510406
'2018-04-14T22:05:46.715Z',6,105.1034615708705
'2019-08-13T20:36:50.982Z',5,76.85256110059626
'2019-08-03T08:33:03.555Z',6,61.29099379132071
'2020-04-01T17:48:42.785Z',3,81.99797205522884
'2020-02-17T12:53:40.048Z',3,52.158190996637586
'2018-10-22T18:56:58.539Z',7,68.59482639
'2020-04-09T12:03:00.755Z',7,135.51580933716718
'2019-01-30T10:19:21.084Z',6,82.96623046
'2018-10-16T01:03:54.433Z',3,86.71853208
'2019-06-13T04:34:32.336Z',7,86.57984865
'2019-05-27T05:53:31.905Z',3,85.39244099092026
'2019-07-21T15:27:05.546Z',6,129.96150940926339
'2019-02-25T04:03:09.148Z',1,129.96663928588885
'2017-07-05T11:32:31.092Z',7,34.322624506829975
'2020-03-25T23:01:34.064Z',5,60.06327235376401
'2018-08-25T14:09:48.528Z',8,120.57531991069719
'2018-03-29T01:29:18.948Z',8,84.23949553
'2018-06-08T20:22:55.203Z',7,48.04977163455966
'2018-12-23T21:15:46.547Z',7,51.16706768559577
'2019-07-18T00:58:53.862Z',7,83.09689170681719
'2019-04-26T00:15:50.792Z',6,95.448
'2019-10-16T15:52:56.344Z',5,53.73193441376232
'2019-12-16T16:03:36.571Z',6,65.37474658371603
'2019-11-22T02:47:01.230Z',4,33.37831762352474
'2019-04-02T02:37:15.382Z',6,110.33294721486786
'2019-04-06T18:49:46.481Z',4,40.21323452498948
'2018-01-28T20:48:50.015Z',4,65.94529980700449
'2016-06-12T00:42:35.099Z',7,82.00781334438744
'2017-11-05T11:07:50.232Z',5,29.11857821823097
'2019-09-30T12:06:29.945Z',4,52.528350998234735
'2019-08-24T01:13:01.005Z',2,64.57375665730676
'2019-05-08T08:36:37.424Z',4,104.8801962931428
'2018-06-30T04:17:27.188Z',1,131.16132464027126
'2018-03-30T20:23:19.326Z',3,151.4334905091422
'2018-01-25T16:05:23.868Z',6,31.590051720123533
'2017-08-17T18:17:48.717Z',6,74.93400185111025
'2019-05-03T02:44:34.940Z',2,98.01542727924048
'2018-12-23T06:21:19.583Z',1,133.75633129735897
'2018-06-22T06:02:43.700Z',6,73.46393286
'2019-03-07T09:51:21.283Z',4,55.76205838948854
'2018-08-29T06:33:29.708Z',6,120.78356978131559
'2019-01-05T00:03:51.181Z',5,98.64606378422513
'2017-05-13T15:57:41.168Z',6,82.61238293826868
'2019-11-09T01:30:22.135Z',1,123.73855884170023
'2017-10-22T01:27:38.969Z',4,38.88214510228093
'2017-07-31T17:23:30.923Z',3,90.71701403293285
'2020-02-10T20:43:35.065Z',4,96.67708964
'2017-03-17T07:57:12.810Z',6,69.0072709
'2017-10-12T03:02:41.080Z',4,65.75869018662576
'2017-04-08T07:32:20.298Z',6,48.09130720558922
'2019-03-20T14:58:21.465Z',5,44.65721384591343
'2017-05-15T14:46:08.296Z',7,80.71687346184818
'2018-08-26T02:21:12.080Z',1,117.80649653012271
'2020-02-18T08:30:53.428Z',6,156.81750637923406
'2019-03-19T18:21:54.714Z',3,72.00908766865949
'2018-03-06T11:47:28.486Z',6,80.00827007082361
'2017-08-16T14:56:15.036Z',8,80.41334529043603
'2018-11-11T21:14:13.900Z',5,87.10488933291823
'2019-12-15T04:22:52.471Z',3,89.80316077766213
'2018-06-16T19:38:44.027Z',8,143.05367755102802
'2017-04-17T15:21:09.465Z',4,59.983568649853815
'2017-12-26T07:29:57.856Z',1,34.25933496760253
'2020-01-29T03:39:20.564Z',8,117.35136642720215
'2019-03-22T01:41:44.859Z',2,103.76154078086081
'2018-11-12T23:45:17.492Z',6,55.08714479689481
'2018-08-02T06:00:12.491Z',4,91.18937892098741
'2018-11-13T21:41:19.636Z',5,79.84418997080454
'2020-01-03T04:15:50.232Z',8,56.82294671218286
'2019-06-15T05:15:43.062Z',7,44.21666444135479
'2017-11-19T22:58:11.972Z',5,74.14137192
'2017-12-22T03:09:50.175Z',3,61.576142478371345
'2019-11-25T10:24:01.591Z',7,121.76651145598889
'2018-01-24T03:27:21.346Z',2,140.47423188453183
'2017-10-05T03:52:29.098Z',7,82.44222162267629
'2017-05-03T05:44:12.070Z',4,93.54233401706847
'2019-10-16T10:09:52.916Z',4,58.677958848477346
'2018-08-30T06:58:11.546Z',8,51.972394063179316
'2019-10-21T16:56:04.968Z',7,80.68323868731879
'2017-12-13T19:28:29.469Z',4,88.37700246121238
'2019-08-04T14:14:32.044Z',1,112.96680124862405
'2018-11-09T05:47:19.047Z',6,86.86495407738926
'2019-10-03T20:34:21.626Z',5,53.36408197849717
'2018-05-17T18:16:42.364Z',1,84.44293367877523
'2018-07-25T06:15:19.179Z',4,43.04409420603459
'2016-11-01T15:43:42.662Z',7,42.65846557076474
'2018-01-23T08:10:09.200Z',3,75.56411182861285
'2019-08-16T11:44:56.790Z',8,156.33688390064484
'2017-08-11T23:50:54.901Z',6,58.87194528695535
'2017-08-01T10:50:43.603Z',8,70.97051199345664
'2018-02-06T08:34:07.323Z',4,58.34990491
'2017-09-08T17:20:55.080Z',8,90.85202332
'2018-11-10T20:53:54.978Z',6,76.46184284695953
'2017-09-09T16:40:11.602Z',6,66.99944870645123
'2019-08-26T21:10:14.407Z',3,83.03740654322647
'2019-03-06T01:08:17.786Z',4,143.85207136444828
'2019-02-06T22:19:11.813Z',4,121.41976834932669
'2017-01-03T09:08:02.069Z',8,65.25759107253978
'2017-08-18T03:33:03.727Z',2,86.45277238659057
'2019-07-17T17:51:09.590Z',4,33.278920529573234
'2018-10-28T12:46:48.679Z',4,83.70749106553187
'2019-06-04T02:52:04.261Z',4,126.43264025722983
'2019-04-11T19:13:31.013Z',3,36.909818559607324
'2019-02-26T20:42:08.386Z',7,44.793611860992996
'2019-12-15T20:10:26.427Z',6,65.97681854234172
'2018-06-15T16:19:39.973Z',1,154.13220003537157
'2018-10-09T12:05:39.430Z',4,134.05023562163336
'2019-05-31T00:40:37.002Z',8,71.34702303103508
'2018-01-30T17:39:43.668Z',3,84.41196335059973
'2018-04-24T23:43:59.535Z',5,67.87614640095575
'2019-03-22T18:23:24.980Z',8,43.33348543733784
'2017-09-14T19:35:23.076Z',6,28.484891581004533
'2017-08-10T08:29:32.145Z',5,20.897073629065442
'2018-10-17T19:07:02.234Z',5,105.04436116705226
'2017-03-14T20:43:27.742Z',1,57.34706893728227
'2017-01-08T15:11:26.444Z',5,69.27278277426565
'2018-10-03T09:10:25.062Z',3,122.88005053279917
'2017-11-09T21:39:14.743Z',8,52.13987667
'2018-05-13T13:08:31.727Z',5,60.50690661866073
'2018-01-06T22:36:17.244Z',8,83.02842687886262
'2019-07-03T23:15:29.897Z',5,117.8434322580816
'2019-04-07T23:26:03.406Z',6,88.91185739546914
'2019-04-03T03:05:26.275Z',7,121.47227680880327
'2019-10-27T23:40:28.994Z',8,123.51538004538169
'2019-06-17T16:21:56.373Z',3,52.93717694886362
'2017-03-08T12:02:45.306Z',5,99.45967255523763
'2018-02-02T10:52:34.531Z',4,142.83351613693577
'2018-01-29T14:34:05.502Z',4,140.3931957861795
'2020-03-01T11:17:08.503Z',1,36.24786354208219
'2018-04-29T11:08:07.176Z',4,98.29773609674561
'2018-03-15T05:50:24.666Z',5,73.23445738304258
'2019-01-31T05:04:04.921Z',4,118.13496639761573
'2019-09-27T08:23:09.843Z',1,64.98852623892408
'2019-03-05T09:44:19.128Z',1,42.398373536291125
'2019-03-04T09:53:15.147Z',3,117.2771630241824
'2019-05-04T21:46:37.826Z',8,39.59577723258363
'2019-01-23T15:02:59.201Z',1,125.72843810808136
'2019-04-17T11:18:12.838Z',6,133.27512285851722
'2018-01-30T21:03:48.031Z',6,132.52547107813146
'2017-12-18T22:29:05.330Z',8,58.37569400011331
'2019-11-04T09:13:37.905Z',4,72.50076599326405
'2020-03-16T16:04:04.843Z',5,83.23154437818819
'2019-01-16T10:14:37.301Z',8,94.20487302050094
'2018-05-28T17:57:00.838Z',2,46.11639156781814
'2017-06-22T17:55:26.871Z',6,50.946068461194265
'2019-09-20T21:10:57.257Z',7,133.19095690101338
'2019-08-27T07:54:06.028Z',6,145.8992104
'2018-04-16T04:33:32.237Z',6,59.81758737487091
'2017-08-16T19:22:10.116Z',7,47.812178512601854
'2016-06-10T22:50:46.065Z',2,33.701686067486584
'2017-10-16T04:28:02.995Z',2,58.05059162737857
'2020-03-27T21:21:24.171Z',2,81.59280685084616
'2017-12-29T05:02:42.685Z',8,31.147160711551194
'2018-03-15T13:08:31.977Z',1,69.63823036
'2017-12-20T20:56:25.082Z',1,87.87445467
'2019-04-17T17:17:59.311Z',3,127.74409202414923
'2016-11-20T15:28:50.612Z',4,45.75488840009259
'2018-02-21T18:11:12.050Z',8,111.75079806700505
'2017-04-25T11:26:11.899Z',6,56.27708785457561
'2019-06-15T07:53:27.147Z',5,52.63596274749747
'2016-10-14T01:00:14.110Z',1,37.76557343954759
'2018-06-19T10:41:09.671Z',5,95.19084162151137
'2019-03-02T03:19:49.517Z',6,72.86755415700623
'2019-01-22T09:26:18.581Z',8,52.003788633528856
'2018-05-13T08:19:19.783Z',3,73.86242959600735
'2017-12-28T06:26:38.621Z',8,65.03911702764272
'2017-04-12T09:54:46.609Z',7,87.17140310741816
'2019-08-21T22:26:01.217Z',4,123.11226718098052
'2019-06-28T16:18:51.950Z',3,71.90200697
'2020-02-26T07:08:23.350Z',7,43.630131849366705
'2018-01-26T19:47:47.780Z',7,122.06441875804397
'2018-03-09T09:06:58.081Z',5,85.95386030802133
'2017-09-30T16:10:20.246Z',5,80.34154786510507
'2017-11-18T12:30:08.404Z',3,73.43576765872746
'2019-10-04T18:38:56.697Z',6,84.96014481976405
'2018-04-21T20:31:18.326Z',7,127.28227675709384
'2019-11-26T16:32:22.666Z',4,117.68018819515018
'2017-02-01T16:58:02.866Z',8,33.56791272735407
'2018-10-23T20:00:39.712Z',8,83.09579356698663
'2018-04-20T16:28:46.875Z',4,101.79606609311715
'2019-04-13T13:06:45.383Z',8,54.781726089504055
'2018-02-23T18:18:45.971Z',6,48.40600947284492
'2019-08-26T17:56:18.766Z',8,50.56354867439335
'2018-12-15T20:45:09.071Z',8,110.86046555050413
'2016-07-31T08:17:59.684Z',3,38.72055341737509
'2019-07-17T03:13:00.132Z',3,70.47575431846637
'2017-09-18T15:22:04.274Z',5,103.38827112093423
'2017-05-12T16:54:30.447Z',7,33.14061091050696
'2018-02-11T00:13:02.874Z',7,67.07979511603139
'2019-03-21T08:20:33.508Z',8,50.284180677184075
'2019-03-31T07:19:13.677Z',7,74.45901506285419
'2019-04-11T13:03:02.375Z',3,77.38298616695519
'2019-08-13T02:18:29.568Z',8,108.77943135281718
'2018-07-11T14:54:35.341Z',6,72.17607699
'2017-08-21T10:43:27.540Z',8,80.27061473358305
'2018-12-12T14:11:02.206Z',1,63.08752753630077
'2017-08-02T20:06:15.705Z',6,41.41921196948136
'2018-06-19T09:14:05.861Z',6,138.2740531398999
'2017-11-20T11:26:38.918Z',4,69.88593603063487
'2019-04-20T04:32:37.824Z',4,84.21873820977267
'2020-01-23T18:15:23.279Z',1,98.1872143
'2019-04-02T14:41:29.836Z',1,128.68723173579426
'2018-12-22T21:37:37.778Z',1,56.47458349620551
'2020-02-02T09:51:16.274Z',5,66.08538923
'2020-01-30T09:48:17.537Z',5,124.21047533539897
'2019-09-11T09:50:37.152Z',1,73.04078947296638
'2020-01-21T16:40:45.790Z',8,83.46012132805797
'2018-03-26T06:11:39.416Z',8,67.26094107323665
'2019-11-27T04:02:56.664Z',1,113.56060055973086
'2019-03-27T10:36:04.948Z',8,56.20423519482965
'2019-12-24T21:06:31.946Z',6,65.24134429069547
'2019-03-28T21:23:27.882Z',4,53.63963971010252
'2019-03-30T03:26:02.413Z',2,65.75102686554966
'2018-04-24T04:10:24.251Z',2,52.12071416409949
'2018-08-24T02:12:10.251Z',4,69.62340790180703
'2019-08-26T12:44:21.445Z',8,71.49193358733542
'2020-02-04T14:58:02.739Z',3,48.59156957937413
'2017-02-08T17:31:32.788Z',2,29.00406572036796
'2017-07-14T11:37:30.265Z',2,74.85694260575053
'2020-01-06T17:59:58.214Z',1,136.0827569771057
'2018-01-23T02:55:19.603Z',1,114.15951778671293
'2017-10-14T21:21:00.015Z',6,32.30255040917255
'2018-05-23T03:41:32.176Z',3,148.22314071437344
'2018-09-11T01:52:10.308Z',8,76.42502365453973
'2019-03-03T12:35:40.795Z',5,69.61636192088085
'2019-10-25T00:33:50.031Z',3,40.34538717239162
'2020-02-06T00:28:38.766Z',1,122.28217275024012
'2018-10-20T15:49:17.571Z',8,85.08582036
'2019-09-19T00:49:00.466Z',6,120.81055827436172
'2019-09-08T03:58:52.357Z',6,114.31211081088998
'2018-01-11T22:54:05.414Z',8,90.74994171
'2018-05-13T04:26:35.023Z',7,76.01338201616488
'2020-04-08T13:59:25.853Z',8,117.27581232867391
'2017-08-17T17:53:28.363Z',8,52.177464742500625
'2019-01-06T21:15:34.699Z',2,47.205738088428575
'2019-05-15T10:11:28.986Z',6,38.41711680247753
'2017-03-29T14:23:39.433Z',3,23.92224253271061
'2018-09-17T06:08:23.148Z',3,143.55062850130912
'2019-01-15T12:03:15.018Z',5,121.51827455929872
'2020-03-29T05:09:14.418Z',4,47.823498728925955
'2018-08-27T00:42:25.024Z',3,92.74967066
'2019-10-23T16:42:00.522Z',4,114.89993508058976
'2020-03-23T15:17:05.632Z',4,53.896463762580886
'2017-07-02T12:56:21.145Z',1,70.85148805307942
'2019-01-19T19:03:08.410Z',3,81.46738668101031
'2020-03-18T10:48:58.903Z',3,84.86751050635075
'2016-09-30T18:50:30.528Z',2,47.70890910336195
'2018-03-01T07:57:22.443Z',6,135.3820776557282
'2020-02-21T21:43:22.083Z',1,131.81705611905855
'2016-10-28T08:51:33.406Z',6,69.66705580375492
'2020-04-13T13:39:43.254Z',7,73.9455868
'2020-02-14T10:12:57.720Z',2,44.49539115360754
'2017-08-11T03:41:44.510Z',2,90.61829794465477
'2016-06-23T18:11:12.940Z',4,68.51641350964162
'2019-05-16T22:30:22.001Z',7,88.70428676778968
'2017-01-23T06:32:25.410Z',8,84.65215475
'2019-11-01T13:11:10.807Z',4,121.07592604100273
'2017-12-09T05:35:23.576Z',2,78.70398675198534
'2018-06-19T18:12:06.145Z',6,79.88540142515373
'2019-08-18T04:49:44.640Z',1,56.54305346585669
'2018-10-16T02:39:22.089Z',1,70.52115094842453
'2020-03-05T00:55:12.827Z',1,118.31446492955719
'2018-08-30T01:53:04.172Z',7,51.637524242886435
'2017-12-11T11:28:30.062Z',8,24.937942498189493
'2017-10-29T07:04:26.371Z',3,75.97530913131227
'2019-09-07T09:16:15.917Z',1,66.73287585
'2017-03-14T11:58:50.111Z',5,82.49752305686192
'2017-01-03T00:26:48.520Z',1,57.932085813587584
'2019-05-16T01:29:13.430Z',8,69.54596714535174
'2018-11-14T21:00:27.503Z',7,44.35828856850427
'2018-06-03T08:17:10.250Z',2,83.21237373146319
'2018-01-05T20:44:49.943Z',7,137.57231774773834
'2018-03-25T13:08:50.346Z',1,119.38404141372392
'2019-12-26T06:59:20.126Z',5,147.24301380092294
'2018-02-01T00:19:13.758Z',5,68.05809097118585
'2020-01-17T10:55:52.769Z',3,40.96304727633953
'2018-11-07T01:21:45.814Z',5,58.192641761478534
'2019-09-01T18:26:39.434Z',7,119.4173523960198
'2016-09-30T11:12:07.118Z',2,40.12376218898509
'2019-02-13T15:39:53.968Z',8,139.9123127656255
'2018-01-19T06:37:14.795Z',6,140.66457013942542
'2016-12-25T22:19:38.656Z',6,30.25633246374132
'2017-09-02T02:34:34.273Z',3,71.49616742
'2020-03-18T07:55:32.395Z',6,137.45112973190433
'2019-06-17T19:47:17.628Z',2,128.17857701856124
'2020-04-09T12:19:46.871Z',6,77.09431003701884
'2019-01-13T04:03:26.192Z',5,63.78285489131002
'2020-03-04T07:20:42.504Z',5,150.6933347851434
'2017-09-20T07:26:12.723Z',4,91.39581011
'2018-11-30T18:05:33.044Z',1,112.56829697856075
'2018-05-22T04:30:44.305Z',6,124.5196909821671
'2017-12-09T17:59:11.752Z',1,98.79436607
'2019-03-15T19:51:20.396Z',4,111.74988784408215
'2020-03-19T05:27:41.001Z',2,127.81347076387381
'2017-12-12T00:25:52.755Z',6,80.80127557476384
'2017-07-13T11:33:05.440Z',3,53.32536407714942
'2019-12-16T10:35:43.140Z',2,93.75123655570917
'2020-01-13T21:58:59.374Z',6,60.791609236243424
'2019-05-04T16:41:35.285Z',6,121.97419782345847
'2018-12-28T12:58:29.042Z',8,151.8981154262864
'2018-12-24T09:05:48.557Z',5,125.82643041553015
'2019-08-23T00:57:43.983Z',4,58.61842722995467
'2018-08-13T01:31:58.300Z',8,71.13040885356708
'2019-08-18T07:26:43.339Z',1,141.89874882519297
'2017-11-13T20:28:23.397Z',3,79.44073283
'2019-12-27T20:21:32.307Z',6,66.22436839451568
'2019-03-24T09:01:14.827Z',2,136.44156523489087
'2017-10-31T07:22:14.001Z',8,77.75060305206577
'2019-10-11T09:47:07.483Z',4,71.66012837265198
'2020-03-24T20:24:47.644Z',8,97.84516246123424
'2017-11-02T19:53:34.752Z',8,26.61514718730732
'2019-04-27T21:03:39.073Z',7,135.91034753483504
'2017-07-25T12:09:25.243Z',2,65.37044154843309
'2018-05-21T05:30:00.660Z',4,155.11814747514092
'2016-12-14T17:13:11.386Z',1,64.78784694884361
'2017-06-12T23:52:28.674Z',5,97.47813044447133
'2018-01-02T19:01:51.174Z',1,54.28385180449206
'2019-11-25T17:43:52.545Z',4,52.332614020071034
'2017-11-10T08:05:46.165Z',1,69.80270155
'2018-01-13T16:31:04.766Z',4,141.16101464699383
'2019-11-21T09:10:06.485Z',2,60.68725579249943
'2017-04-26T09:18:38.798Z',5,87.14535371196993
'2020-04-13T22:31:06.897Z',1,148.8314811023964
'2018-10-21T20:44:39.621Z',3,86.68056697082629
'2017-11-20T16:20:53.130Z',3,87.18535661668042
'2019-06-07T07:36:02.957Z',5,38.748652261326356
'2017-02-04T10:16:00.936Z',6,30.375193630968674
'2018-11-08T16:25:53.483Z',4,73.99204940097943
'2019-07-29T21:06:13.536Z',5,103.18201119587263
'2017-04-09T12:52:19.187Z',5,35.33146840939703
'2019-07-17T23:01:18.153Z',1,61.04767977699996
'2019-03-19T23:33:25.544Z',4,98.77624981080739
'2017-11-20T01:33:29.306Z',6,83.41519452277176
'2017-11-25T06:36:09.701Z',5,54.02648606174768
'2019-11-04T23:23:07.505Z',2,112.82226178332401
'2018-01-14T02:06:44.968Z',3,130.5197071598022
'2020-03-28T21:52:21.146Z',4,139.32487470848483
'2017-06-15T10:00:23.342Z',1,31.04806616
'2019-06-29T08:12:07.527Z',3,59.12600713059797
'2019-10-27T05:39:57.067Z',6,74.98490263678397
'2017-08-07T17:14:26.159Z',2,48.189028521382454
'2016-08-21T02:43:50.773Z',1,89.55239806614959
'2018-11-12T08:50:33.454Z',8,118.76539396641445
'2018-01-05T19:27:01.469Z',6,110.48958007242227
'2018-12-29T20:33:52.121Z',5,76.87841341956877
'2020-02-17T03:42:15.774Z',5,114.8152083345792
'2018-05-02T22:31:50.488Z',8,69.87229508473077
'2018-02-26T23:30:46.919Z',5,134.3443482471475
'2019-02-06T03:49:24.207Z',7,150.50013834758286
'2018-02-09T13:09:14.358Z',1,133.25641301591858
'2016-12-28T08:49:34.616Z',4,79.23727564
'2018-07-28T07:46:56.706Z',3,85.40453320056703
'2019-07-01T00:10:10.156Z',4,108.91991812987426
'2019-05-20T16:58:45.781Z',7,59.512445025291925
'2017-12-15T14:59:12.994Z',5,85.70397408664222
'2019-06-06T21:10:20.938Z',8,40.29238697054473
'2019-01-06T19:44:02.891Z',2,135.58741086609672
'2017-03-11T12:21:01.965Z',7,73.51238957493425
'2017-08-12T18:39:04.103Z',6,54.73868214236741
'2017-11-13T11:18:27.666Z',7,39.27368126336068
'2017-03-09T21:58:06.145Z',2,34.55662548
'2018-04-23T09:25:26.221Z',1,70.39899938320313
'2017-10-19T08:20:17.663Z',7,36.76408840154836
'2017-03-19T20:56:02.726Z',2,82.94799062
'2020-02-11T19:58:51.215Z',1,87.26147739921424
'2020-03-12T15:37:38.593Z',8,62.10481577
'2019-04-03T14:43:51.300Z',2,68.78944336
'2018-02-21T19:23:57.595Z',1,65.77783612911595
'2018-09-20T09:29:52.775Z',6,54.02730291436511
'2016-11-27T05:57:53.227Z',5,76.99473146426797
'2016-09-24T20:04:25.846Z',4,53.876559067916794
'2019-11-16T06:22:27.734Z',7,83.25859639545362
'2016-11-12T15:04:02.834Z',4,92.48679524401395
'2019-10-04T13:22:03.453Z',1,133.27175055618787
'2017-12-10T19:06:19.343Z',1,79.13935439230066
'2017-10-13T08:12:40.437Z',4,46.42372879
'2017-11-07T15:29:19.044Z',6,29.962256354974603
'2020-01-07T21:42:56.098Z',3,35.07911804597749
'2016-10-31T22:23:38.351Z',2,41.98875141098522
'2017-12-18T14:09:44.487Z',2,63.67721174833752
'2018-09-07T17:56:21.957Z',2,123.03344419065316
'2017-09-18T09:50:46.902Z',2,74.13660097758387
'2019-03-13T16:35:01.056Z',8,59.15257318694617
'2018-06-16T14:36:07.171Z',5,51.76790507614482
'2018-12-17T02:54:21.866Z',8,149.0796845975888
'2018-02-03T02:27:04.977Z',2,104.62927234716662
'2016-12-05T20:35:30.921Z',8,27.279416951927242
'2019-10-30T20:36:47.512Z',1,87.28700007187848
'2018-02-09T01:03:17.177Z',6,64.74832962027563
'2018-10-19T16:34:40.010Z',4,98.58531972392475
'2019-06-26T16:08:04.058Z',3,64.61188912812014
'2017-01-01T07:10:22.330Z',7,38.83386912282367
'2018-11-04T18:49:40.522Z',3,50.66021001484481
'2020-03-18T11:59:40.678Z',6,145.82644987343713
'2019-01-03T10:45:31.067Z',5,87.85778911071937
'2017-07-04T04:57:34.585Z',3,17.020861755627458
'2017-02-20T09:50:38.105Z',6,56.16931805283598
'2018-09-16T22:05:20.690Z',7,81.55628201298688
'2020-02-10T14:46:52.286Z',1,110.5707357173774
'2016-08-23T10:12:52.767Z',5,50.72230597686733
'2016-11-21T09:47:54.732Z',2,41.87091836344544
'2019-06-22T13:53:42.208Z',3,92.94279825657622
'2018-01-12T09:16:45.095Z',8,136.94951166074443
'2016-07-18T01:10:43.714Z',4,99.10712787
'2017-07-16T09:00:57.888Z',5,21.349056923953192
'2017-03-17T12:57:11.440Z',4,49.67311467803386
'2018-01-19T04:23:38.012Z',3,112.01542943421637
'2020-01-05T15:45:46.402Z',8,79.73523378190829
'2018-10-22T18:24:55.118Z',3,119.06710090224144
'2018-03-22T14:41:44.871Z',5,35.745860323232925
'2018-08-07T23:34:02.141Z',6,119.04633040426457
'2017-09-28T09:12:23.660Z',6,26.162443424237942
'2020-03-22T18:46:46.562Z',2,52.95159242344872
'2019-12-30T17:30:53.690Z',3,84.85980314418207
'2020-02-26T19:26:56.378Z',8,74.00483713746483
'2018-10-27T08:11:40.986Z',7,38.999404577511314
'2019-01-14T15:48:16.392Z',8,111.35841098160098
'2018-09-07T16:49:02.055Z',6,113.5675350661014
'2019-10-06T05:46:26.788Z',8,52.74961657842628
'2018-07-07T02:30:48.437Z',8,60.235796663144214
'2018-01-01T12:32:46.279Z',3,134.76226370934873
'2018-09-10T05:24:35.771Z',6,116.08877272528528
'2019-12-14T23:38:00.895Z',1,123.20834174782283
'2019-05-07T08:45:47.240Z',2,39.78981786717493
'2017-11-12T18:30:29.544Z',2,41.01619862210667
'2019-12-28T15:01:22.230Z',4,119.7511372471248
'2019-10-12T18:19:00.874Z',7,137.35582293688188
'2018-05-28T00:22:28.333Z',1,46.423267472894416
'2018-11-05T06:51:27.464Z',2,42.21744161229027
'2018-10-30T15:18:36.464Z',2,50.074760280518035
'2019-08-23T20:15:03.319Z',6,38.70945912648682
'2018-08-20T19:34:06.505Z',2,143.68337272095295
'2019-05-02T16:23:10.538Z',2,100.76397250495064
'2018-02-24T14:38:24.307Z',5,136.43212797084712
'2018-08-15T07:40:07.473Z',4,75.50797750399335
'2017-08-20T12:52:59.111Z',3,38.65122183510971
'2018-08-07T15:09:59.738Z',6,45.263282660913475
'2018-07-14T11:25:18.816Z',6,55.41968918708753
'2017-07-10T21:19:28.881Z',7,38.092567267118525
'2017-08-04T22:04:44.584Z',5,39.728152487452824
'2019-08-04T08:22:40.238Z',1,48.15644739231997
'2019-08-06T02:00:50.320Z',4,121.20137296834137
'2019-10-13T12:41:18.075Z',6,117.01995063299688
'2019-10-07T21:42:52.130Z',1,98.47550675096225
'2019-09-12T16:07:24.594Z',1,110.70724732556846
'2019-09-11T05:58:00.257Z',5,69.46639299663428
'2019-03-26T12:42:44.448Z',2,76.42976706359154
'2017-04-03T17:05:22.663Z',2,28.438046671431664
'2020-03-31T23:28:11.385Z',8,153.60970169905661
'2018-09-05T17:05:43.092Z',5,81.77897807585713
'2019-07-22T03:46:40.122Z',3,49.70766153776058
'2017-04-21T16:06:20.776Z',6,51.20827632093987
'2020-02-16T18:48:51.193Z',5,48.43913218681681
'2019-05-26T10:33:47.552Z',4,53.169664155209965
'2020-03-23T12:17:04.703Z',7,108.36667599400664
'2018-07-03T01:28:09.369Z',3,61.066977688598996
'2019-01-13T18:48:15.379Z',2,51.84589835153026
'2017-05-11T21:58:23.083Z',2,47.41857793770316
'2020-04-02T00:36:55.134Z',3,144.86138888462918
'2018-09-06T18:55:42.764Z',8,65.10655866
'2019-06-30T22:34:43.845Z',6,53.17995014110339
'2018-11-15T01:24:59.793Z',3,128.74966506599375
'2018-07-17T22:17:21.530Z',7,118.7924764831777
'2017-02-28T06:28:35.705Z',2,79.55345080262768
'2019-07-27T02:06:31.150Z',5,76.29799477154485
'2019-03-05T15:45:18.644Z',3,73.54555883
'2019-06-14T20:11:09.114Z',6,107.76885655484548
'2019-08-04T04:11:38.248Z',1,131.4409479831879
'2020-01-02T03:22:14.010Z',7,79.37408794247257
'2018-10-20T00:23:26.428Z',4,60.63048695123946
'2019-08-16T13:48:23.913Z',8,95.28371288084226
'2020-01-13T15:40:07.287Z',4,82.27124144
'2018-04-07T19:52:09.738Z',5,77.85587292537993
'2017-10-29T04:11:17.285Z',8,31.14242360719331
'2020-02-15T21:28:02.777Z',1,36.90372541852417
'2019-10-20T11:57:52.657Z',5,64.79627060328093
'2019-12-24T12:00:11.081Z',6,85.89339986118182
'2017-01-30T17:54:16.139Z',1,57.38844481406617
'2019-10-22T16:46:58.602Z',5,51.3287244
'2016-11-29T08:40:52.314Z',5,84.20724111686913
'2018-04-23T20:41:26.562Z',7,155.72690503353925
'2019-10-15T06:31:14.337Z',5,70.02268087348652
'2018-12-08T14:29:14.585Z',7,76.12890888639522
'2020-01-18T16:50:31.309Z',1,43.90423825645283
'2019-10-03T08:49:03.796Z',8,63.546787862601825
'2018-05-19T21:27:25.627Z',6,42.60975369525286
'2018-10-07T10:27:57.530Z',8,105.35938524950771
'2017-11-23T17:07:44.311Z',2,41.798242465658035
'2017-12-28T10:09:27.531Z',6,47.03709458229148
'2018-08-29T05:26:33.132Z',8,68.75747601363382
'2019-11-11T05:52:50.656Z',3,105.73822706443595
'2018-11-19T08:37:38.067Z',2,86.4254509
'2017-07-16T13:38:17.618Z',5,30.785436812265342
'2020-01-28T06:54:53.476Z',1,84.84690760182094
'2019-09-30T00:19:47.131Z',7,115.80133048078208
'2017-04-27T08:21:05.142Z',5,46.02607457948255
'2019-12-28T15:00:29.606Z',8,36.69355399826056
'2019-03-07T23:15:09.342Z',7,70.09595766
'2019-05-21T02:16:03.287Z',7,140.59646286245646
'2017-04-14T17:09:19.640Z',7,100.06322957315416
'2020-02-12T23:59:13.486Z',1,132.74048679713385
'2018-10-20T19:35:32.948Z',6,126.26308504459595
'2020-02-01T03:24:47.982Z',6,115.3282142
'2020-02-15T06:22:16.101Z',1,129.33348659268268
'2019-11-16T05:17:50.938Z',2,81.99291668105185
'2019-01-03T08:13:52.234Z',3,108.30108652854949
'2019-09-03T17:26:59.506Z',5,70.65098304772008
'2018-03-06T04:36:59.161Z',5,122.49281012575156
'2019-08-21T14:39:27.466Z',1,74.29596344139772
'2019-02-21T03:49:38.648Z',4,60.00982101562812
'2016-08-03T20:49:04.297Z',2,87.21401873057435
'2018-01-17T23:34:56.979Z',6,66.13848581551076
'2017-10-31T15:52:26.910Z',7,36.39203525875358
'2019-06-01T10:10:11.540Z',4,155.64004914360925
'2019-05-19T05:54:34.615Z',1,114.34886520378129
'2018-11-08T00:47:03.093Z',4,54.873069085788686
'2019-08-24T16:05:43.329Z',8,69.68041191658573
'2019-11-05T09:29:30.573Z',2,65.00595930900532
'2017-03-21T02:49:06.398Z',2,38.49470331
'2019-04-14T12:58:10.215Z',8,102.20643819783827
'2018-05-10T17:10:19.325Z',6,68.34761842643815
'2017-09-04T12:17:01.878Z',8,66.68117595680107
'2018-05-17T16:14:26.680Z',2,54.40352347225129
'2018-12-29T21:25:57.126Z',4,43.410286784099966
'2018-06-02T00:40:58.931Z',5,109.62664049194095
'2019-06-25T18:19:58.956Z',2,47.34047665271665
'2019-01-01T00:13:13.471Z',2,144.59025207366682
'2020-01-21T16:42:03.957Z',5,105.2806989039232
'2020-04-07T23:19:52.050Z',2,70.34361303125344
'2019-10-09T12:08:51.792Z',1,135.19576231088735
'2019-05-21T14:41:18.664Z',6,111.61995699054911
'2020-01-06T06:00:54.869Z',3,67.16303352001898
'2019-12-27T07:21:25.590Z',4,140.51377683166737
'2019-08-27T01:29:20.679Z',7,96.23829819666508
'2018-05-05T11:59:37.779Z',7,69.90054777998651
'2017-09-07T22:58:01.080Z',5,37.694226093309894
'2017-05-26T15:02:39.609Z',7,60.19348642116768
'2019-01-05T18:23:34.165Z',2,39.54738166190667
'2019-07-17T09:39:31.567Z',5,102.9144843237109
'2019-07-21T13:39:54.596Z',6,80.04534270189784
'2019-10-07T13:37:50.799Z',6,73.29617245555234
'2019-09-10T20:48:05.524Z',6,47.532363094188085
'2020-02-04T00:31:15.194Z',8,78.77183106707722
'2018-12-04T20:34:05.792Z',7,50.01007485859503
'2018-01-24T09:28:27.417Z',8,58.57685302601168
'2017-07-27T01:53:01.655Z',4,68.86173401348887
'2018-09-03T14:06:27.763Z',6,69.65993391520854
'2019-04-19T16:22:32.549Z',7,113.00617383859384
'2017-12-11T06:11:59.410Z',8,85.01072973
'2019-08-01T21:39:36.979Z',2,138.9306463430706
'2019-06-03T12:36:05.927Z',8,118.11728544268705
'2019-01-30T02:14:58.760Z',3,74.61078468672082
'2020-04-15T02:21:17.895Z',1,72.45536907288708
'2018-11-23T23:55:23.104Z',3,107.85283171862476
'2019-11-30T12:28:04.433Z',8,135.25155379847695
'2018-05-03T04:17:13.577Z',8,150.6721632419989
'2018-05-13T09:31:00.355Z',2,102.84485275260529
'2018-09-09T01:52:45.233Z',8,77.82830944702187
'2018-09-11T01:16:33.895Z',1,143.92441834748354
'2017-03-19T06:34:46.424Z',4,80.58396199
'2019-08-13T11:48:39.259Z',3,128.87607974577477
'2017-12-24T03:18:31.645Z',4,56.95027701461683
'2020-03-26T14:02:15.394Z',6,45.28862796227727
'2018-11-22T08:39:04.130Z',3,112.7422663572105
'2016-07-27T11:27:39.228Z',1,92.70098708451366
'2019-06-10T09:19:03.502Z',8,77.11366089077345
'2019-09-14T10:22:59.331Z',7,54.10908761829065
'2017-06-12T17:25:20.425Z',5,47.94286388895086
'2019-05-15T14:04:48.771Z',2,102.9724362400883
'2020-01-07T01:22:38.816Z',1,41.90876588137679
'2019-11-14T14:34:51.055Z',1,115.5648399803298
'2017-09-28T19:08:59.173Z',7,40.60200716220696
'2017-02-17T00:07:42.047Z',5,38.34073011920061
'2017-10-04T22:06:06.478Z',1,94.24478762108431
'2018-11-26T01:26:36.376Z',8,87.22059761528298
'2018-08-02T17:06:51.940Z',8,93.58369730416617
'2020-03-22T11:16:30.278Z',7,128.6236417606369
'2019-10-31T15:34:44.268Z',6,71.60697572046864
'2019-11-07T12:40:48.917Z',4,133.0245106272899
'2019-07-25T07:32:13.040Z',1,35.51906783919946
'2016-07-11T08:10:08.128Z',3,55.739543343682286
'2017-02-22T07:39:16.326Z',3,51.93501170120083
'2019-06-27T02:12:39.361Z',7,145.7796287718546
'2016-12-22T08:05:14.655Z',5,86.65986506509681
'2019-12-15T14:47:32.898Z',8,92.47922792872916
'2016-09-28T15:41:39.271Z',6,49.556161978923036
'2019-12-02T05:06:35.281Z',2,140.6954946461014
'2017-05-25T05:29:58.947Z',7,59.86151841166276
'2018-04-25T15:05:51.663Z',1,53.68227464576481
'2019-11-28T20:17:50.031Z',3,126.0434167396784
'2017-09-28T13:25:57.128Z',1,28.129457637396136
'2018-06-29T04:22:18.112Z',4,81.14582647759006
'2017-12-26T22:36:26.021Z',6,71.74492320115145
'2017-11-05T07:15:57.545Z',6,83.22723721662648
'2018-07-03T05:17:37.421Z',5,48.73584344979013
'2017-02-20T19:59:40.619Z',6,31.130140668698427
'2019-02-01T16:53:10.989Z',5,103.80296311990244
'2016-06-17T13:55:20.973Z',7,38.259796577749455
'2017-08-23T08:23:40.241Z',2,31.84069525488796
'2017-11-26T01:02:19.359Z',4,80.27117490053017
'2017-11-02T11:20:49.331Z',2,92.60607611259933
'2019-05-16T05:39:23.902Z',6,147.72794814216675
'2020-04-08T08:32:59.175Z',7,66.95789691679212
'2018-03-13T09:45:31.204Z',7,70.87351993988602
'2017-04-04T15:07:14.973Z',8,79.64087517504127
'2019-10-22T23:16:35.907Z',8,135.88641705517318
'2018-10-29T11:28:30.635Z',3,117.94428181678128
'2018-11-25T21:25:39.741Z',5,84.82050800874086
'2017-02-25T23:29:51.047Z',6,63.96415501677895
'2020-04-07T19:09:58.698Z',8,72.95210284673188
'2020-01-26T18:10:03.294Z',6,97.94699969213902
'2019-03-30T03:18:37.029Z',1,60.44968286027472
'2018-09-19T11:51:09.037Z',1,47.91524148649264
'2020-01-02T10:50:18.902Z',2,47.895180871413096
'2017-12-05T05:25:26.894Z',8,77.8027594
'2020-04-14T22:36:52.959Z',1,55.83182079593486
'2018-01-17T04:56:14.160Z',3,39.67048085096011
'2019-04-04T17:00:42.223Z',4,38.70557957943578
'2020-04-01T21:19:15.590Z',1,34.09138877600266
'2019-04-06T13:18:22.284Z',1,39.68568673685488
'2019-01-18T01:29:14.907Z',7,95.83687453264163
'2017-09-08T18:39:58.221Z',4,46.854894554037365
'2017-02-13T11:59:11.545Z',8,57.997567765927336
'2020-01-03T09:26:46.761Z',8,50.087942227192464
'2019-11-12T18:10:45.021Z',4,26.24238607856565
'2016-12-16T07:09:25.536Z',5,47.13827555919018
'2020-03-10T10:11:54.874Z',2,46.50194665
'2018-06-22T01:17:43.543Z',6,77.43575433
'2019-06-25T12:44:50.110Z',6,70.19525598116172
'2017-07-26T14:47:07.589Z',1,52.97532604867981
'2018-04-17T15:59:11.233Z',4,109.22169834871637
'2019-03-29T17:35:37.669Z',1,157.83475043670998
'2018-03-04T06:53:35.288Z',4,89.08664125241602
'2019-04-09T09:05:01.291Z',1,83.22217601551041
'2020-03-04T00:38:42.147Z',7,54.54616269738449
'2017-09-25T20:37:53.012Z',1,66.85444527850547
'2018-04-29T06:43:52.806Z',1,130.37363655029026
'2019-10-11T02:47:44.847Z',2,52.06800171815906
'2019-05-18T19:02:36.002Z',1,50.013373928301796
'2019-04-29T09:44:13.083Z',7,130.0612520757978
'2018-03-18T18:48:09.498Z',2,97.34161026317128
'2018-08-01T15:01:17.689Z',5,59.08221170048153
'2018-01-24T23:52:27.548Z',4,123.30348094384155
'2017-12-19T15:24:38.408Z',1,82.69042768955862
'2017-08-20T16:11:41.912Z',2,44.44227877175387
'2019-09-12T18:54:47.444Z',6,85.49417989841353
'2018-06-16T17:31:59.266Z',6,52.69789232140062
'2016-09-26T14:05:57.245Z',6,52.68319762207421
'2020-03-28T09:32:50.988Z',4,120.62686247072641
'2019-06-26T19:44:24.364Z',1,116.8263716
'2019-09-18T07:50:42.315Z',7,94.09203493163078
'2019-12-21T20:58:29.473Z',7,51.16440261674969
'2017-08-27T22:42:03.891Z',3,86.39694106607621
'2018-01-03T09:56:14.527Z',6,147.71963804848707
'2017-10-01T08:40:04.827Z',4,101.05214133221587
'2019-01-21T01:41:29.118Z',8,36.028857252681185
'2017-02-28T11:53:52.779Z',1,88.12462689865787
'2017-11-28T23:52:55.601Z',4,77.78620138970336
'2017-10-15T21:42:56.082Z',5,97.92174917495258
'2018-08-21T13:17:56.519Z',6,74.87409643973972
'2017-04-05T05:50:50.744Z',5,38.13631912443055
'2016-11-26T13:18:12.775Z',1,36.56034956027797
'2017-01-16T16:27:28.027Z',1,36.25235320787576
'2018-07-30T20:37:30.695Z',3,138.35457422987665
'2020-03-13T17:46:25.398Z',4,125.66071531272426
'2019-07-13T12:12:17.406Z',7,40.92715992656498
'2018-09-20T12:38:47.413Z',3,73.67320743714448
'2017-04-26T10:38:08.193Z',6,92.88639338041081
'2018-11-29T12:16:04.833Z',2,105.4928000456822
'2017-07-21T04:30:27.178Z',4,27.728414952514928
'2017-11-18T14:06:21.422Z',2,84.15751026128426
'2018-01-14T12:35:52.446Z',4,81.68776105569357
'2018-08-23T01:24:32.123Z',8,48.11389778794094
'2019-03-29T23:56:43.287Z',4,121.99518069181298
'2020-03-05T10:25:35.209Z',6,74.04290992319387
'2017-06-02T12:00:04.807Z',8,27.447437201334548
'2017-06-16T11:33:54.137Z',4,87.54487175932967
'2017-11-19T05:11:49.721Z',5,28.322494463474694
'2020-01-21T16:44:34.066Z',8,115.63023594472232
'2018-10-26T18:58:02.686Z',4,77.26172978584225
'2019-11-25T08:44:49.142Z',5,115.07846796632683
'2018-08-02T10:08:11.194Z',1,66.00939152973125
'2018-08-15T05:42:43.041Z',1,40.31754781633174
'2017-08-06T17:40:16.810Z',3,30.31103650532106
'2017-12-24T19:30:06.999Z',5,21.373356249388856
'2019-12-01T15:46:06.543Z',7,51.500365195124964
'2019-12-16T07:01:05.391Z',1,57.694240803946684
'2018-04-26T12:52:29.706Z',4,133.56928912696614
'2018-01-19T04:22:15.003Z',7,71.53488098605949
'2018-02-21T16:01:25.734Z',3,133.3323828585519
'2016-12-12T07:20:16.348Z',5,41.02425616842844
'2017-06-12T05:20:30.375Z',7,99.03061656967562
'2018-11-05T08:28:05.116Z',3,56.746108697117535
'2018-09-13T17:37:26.617Z',4,40.57789811
'2018-06-24T23:06:45.806Z',2,81.68163901726778
'2019-01-29T18:00:35.074Z',7,114.86870185814435
'2019-07-12T05:02:31.075Z',6,40.538749090692974
'2017-07-21T05:20:17.696Z',4,45.949073198441056
'2019-09-21T04:55:02.738Z',5,71.57437509259044
'2019-05-22T19:39:43.517Z',6,115.86549387497034
'2018-07-17T20:04:45.430Z',1,43.846883235818055
'2018-06-24T15:02:36.828Z',1,74.55540837663209
'2018-10-12T05:08:23.822Z',2,39.90993106884099
'2019-03-05T09:26:57.274Z',6,148.31975305844068
'2017-12-24T03:54:32.398Z',5,44.65325449606037
'2018-01-01T12:05:41.218Z',2,128.61130416828777
'2017-08-19T17:08:31.843Z',2,82.65353598480591
'2017-07-30T14:11:50.795Z',6,54.014969123922555
'2018-02-05T22:20:00.965Z',1,105.31151039754363
'2019-12-24T02:38:43.093Z',3,72.51717771
'2019-04-16T00:27:00.212Z',8,74.55404844472453
'2017-08-13T15:55:41.781Z',7,32.776734546366484
'2018-02-26T22:24:12.033Z',3,48.82734522516295
'2018-10-29T14:04:25.757Z',7,135.2135411940015
'2017-09-21T20:45:45.346Z',1,57.510034334799265
'2019-07-28T02:58:28.258Z',3,49.67357883567367
'2017-11-05T11:48:40.566Z',7,101.36149127265479
'2019-10-28T04:12:37.128Z',5,76.35356682163797
'2018-03-04T17:13:53.673Z',7,103.08246902096553
'2019-02-14T13:29:22.611Z',3,101.34347850603447
'2018-05-10T15:09:20.590Z',5,131.11455192978158
'2017-07-24T09:47:57.995Z',5,73.91731534455273
'2016-09-21T19:36:45.600Z',6,77.93010138414058
'2017-07-17T16:17:38.633Z',5,34.043568596201965
'2017-05-17T14:07:03.562Z',8,48.467644010812855
'2019-04-04T19:36:43.453Z',2,77.22468691382547
'2019-02-01T18:37:06.282Z',4,52.78889620290434
'2020-03-29T13:11:40.844Z',4,31.202932053715536
'2018-08-30T20:34:25.491Z',7,161.5001918356474
'2018-12-30T11:32:08.953Z',5,102.04113863983387
'2018-10-01T02:42:50.679Z',8,46.87042573736033
'2017-12-21T07:24:34.558Z',2,49.04122125939283
'2018-06-13T14:11:02.559Z',3,142.18703320485477
'2018-01-16T21:04:35.706Z',7,121.81026191391499
'2019-01-30T11:14:15.220Z',7,88.41385718566013
'2019-12-22T06:25:31.266Z',4,66.41983259932273
'2019-06-30T03:03:18.770Z',7,86.42802246234643
'2019-05-31T04:51:30.731Z',1,62.917233825627605
'2017-08-31T13:22:05.022Z',6,51.27594345169988
'2019-11-10T14:06:41.002Z',6,142.4525245793596
'2019-07-20T10:04:16.912Z',6,45.931068568587705
'2017-08-28T03:46:28.288Z',1,35.43429417934879
'2020-03-10T21:41:25.334Z',8,154.9205625712645
'2019-10-11T02:51:02.594Z',8,39.18413633943837
'2018-08-12T15:41:25.770Z',6,74.36432383929753
'2019-04-04T12:31:08.366Z',4,121.38116779024554
'2018-12-10T18:04:41.739Z',1,94.17503374
'2019-06-21T01:33:48.900Z',5,113.98172835323388
'2018-12-23T01:38:08.987Z',7,146.80507337520294
'2020-04-02T14:49:11.671Z',1,86.09389759855215
'2018-10-07T01:28:58.125Z',3,128.32015585928713
'2018-06-23T19:39:24.280Z',8,40.26361690429356
'2018-03-30T19:36:59.942Z',1,59.59597861775713
'2019-10-02T02:42:41.286Z',5,80.45310347095489
'2019-01-26T08:37:05.579Z',5,80.40582139930481
'2018-10-06T19:24:53.400Z',4,51.93146399962018
'2019-01-15T05:20:21.941Z',7,53.80416961067472
'2017-03-25T03:38:48.324Z',7,44.207288109780045
'2020-01-29T06:24:42.957Z',1,46.20765372542928
'2018-12-29T04:54:42.791Z',7,50.97073812575902
'2018-06-15T08:38:51.916Z',2,65.39680041517565
'2016-12-30T04:19:23.991Z',6,29.333085599893902
'2019-11-30T12:01:11.191Z',6,69.79503810659769
'2018-12-25T07:42:18.546Z',1,108.99846453964827
'2019-11-05T03:39:57.562Z',6,65.76291088876684
'2016-11-01T21:19:01.921Z',2,56.20244645
'2018-07-07T08:10:43.844Z',3,55.71890454920203
'2017-06-21T20:32:06.781Z',1,27.534592468473306
'2018-04-17T18:50:46.185Z',3,43.437850866250265
'2019-08-16T18:27:41.577Z',1,114.39955366219598
'2020-04-05T03:02:38.800Z',8,116.06477887187458
'2018-06-04T05:41:53.224Z',3,40.63656211
'2019-04-23T19:51:17.599Z',7,85.61312267
'2019-10-01T14:24:31.441Z',3,142.7555086633684
'2017-04-05T10:21:16.331Z',8,42.29738237961772
'2017-01-03T10:27:28.762Z',1,52.609398639617254
'2019-02-21T00:25:58.052Z',1,128.29018887208042
'2019-08-12T01:35:29.677Z',6,144.6498870355943
'2017-07-20T12:31:44.141Z',7,31.683771681099245
'2020-03-07T06:51:17.136Z',8,52.46770073267179
'2017-04-07T05:26:06.020Z',3,24.089380735891474
'2018-01-20T19:08:02.097Z',6,106.0145799774564
'2019-04-08T01:14:35.802Z',6,88.54128105389438
'2017-12-08T15:25:46.427Z',3,77.60971825923485
'2017-02-09T00:01:59.668Z',3,35.03977541734984
'2018-02-28T02:18:08.337Z',2,76.74294010579595
'2020-01-14T17:04:37.745Z',5,68.69018700528878
'2020-03-24T20:26:56.801Z',6,112.7424059419848
'2020-01-11T17:04:04.765Z',8,73.21520083500238
'2018-08-25T10:38:30.680Z',3,72.70159675
'2018-06-20T09:17:28.741Z',5,24.09357578202269
'2019-09-21T12:40:51.326Z',4,160.91704066742318
'2019-10-07T04:18:49.467Z',8,62.168470605834514
'2019-09-05T21:28:17.856Z',5,45.67804025447793
'2019-05-30T11:29:29.503Z',4,109.34637709115665
'2019-12-20T06:09:27.018Z',8,70.47749739500898
'2020-01-20T17:08:00.936Z',8,90.53468472845728
'2019-06-24T20:08:49.806Z',3,67.73195900387054
'2020-01-05T01:45:59.522Z',4,134.39140572102224
'2020-03-07T12:18:11.989Z',4,51.568842009422454
'2017-07-07T13:05:08.203Z',8,23.127176980208485
'2016-12-21T22:09:01.619Z',3,27.611369670911213
'2020-03-29T02:55:56.950Z',5,72.63295651121288
'2018-01-07T16:23:42.986Z',5,106.27873707973801
'2018-07-06T12:23:18.031Z',6,72.28335531257208
'2017-12-26T00:39:14.754Z',2,44.84468026897238
'2019-10-08T16:40:09.655Z',8,63.07418189209247
'2018-05-17T13:37:18.103Z',5,53.067813584171375
'2019-06-19T19:07:16.523Z',4,57.26035292878116
'2019-12-19T15:56:22.896Z',1,94.29807530775707
'2018-08-01T11:53:21.079Z',8,106.74275408858348
'2019-08-23T06:50:22.179Z',7,86.81009354719858
'2019-05-06T15:33:14.180Z',7,48.08396413798855
'2020-03-20T08:06:43.612Z',2,55.191951122960255
'2016-08-18T14:57:43.218Z',2,91.45631073659337
'2019-03-05T04:56:34.689Z',6,35.42886479731881
'2019-03-28T23:13:19.701Z',5,79.69532501832695
'2020-03-08T13:28:05.275Z',8,65.32233790716566
'2017-03-11T22:14:29.922Z',1,27.081312974957072
'2018-11-11T07:19:36.773Z',5,140.7481381017958
'2019-07-18T18:35:16.822Z',3,26.39633038900908
'2017-03-05T13:05:04.323Z',8,40.14507726853921
'2018-09-20T16:19:46.928Z',1,101.7403867820881
'2019-06-25T03:58:06.198Z',5,69.24095638731741
'2019-01-11T20:15:48.583Z',5,48.82426870558825
'2019-10-20T09:41:12.456Z',8,113.24865865272177
'2018-07-23T04:09:45.438Z',5,106.32208082240007
'2018-10-23T06:18:32.826Z',7,40.933787141885034
'2019-08-04T06:05:42.989Z',2,131.71348022632748
'2019-05-31T07:08:16.280Z',4,52.71649371692598
'2017-02-06T09:01:03.028Z',3,48.74547430302893
'2020-01-07T23:55:38.455Z',7,70.08284062
'2019-03-30T20:27:11.929Z',3,61.96100586686807
'2018-07-09T11:44:30.243Z',7,43.24794844
'2019-01-26T08:03:29.443Z',6,117.64588810876309
'2019-04-14T13:41:56.821Z',1,114.00431017854085
'2017-11-29T19:05:45.069Z',5,92.76235613441658
'2017-09-17T18:51:22.524Z',2,69.53748311775955
'2016-11-05T16:15:41.657Z',5,68.03297091
'2018-09-25T23:53:13.376Z',8,54.69177391159083
'2017-03-26T11:49:25.149Z',2,60.70741526679585
'2020-04-13T18:04:43.297Z',5,112.34953322867796
'2019-11-29T16:32:47.939Z',2,36.88459083990811
'2019-04-28T12:47:43.797Z',3,135.0554841227931
'2019-09-07T22:41:46.560Z',8,132.53877823864545
'2019-07-12T16:09:48.169Z',8,48.601434087021154
'2018-04-22T19:53:14.138Z',2,123.01405796927776
'2018-10-01T08:06:16.942Z',2,100.1841488585688
'2017-09-13T15:48:16.161Z',8,85.12995666
'2020-01-03T04:16:08.941Z',5,94.21286004704551
'2018-11-29T09:31:37.072Z',5,140.3007369004201
'2018-07-27T05:50:37.351Z',6,132.5367778141372
'2019-02-23T02:31:01.180Z',7,109.08805500010888
'2017-04-03T18:12:38.545Z',8,47.00278918163136
'2020-01-16T08:44:21.016Z',3,55.80627391037275
'2017-03-04T19:50:54.201Z',6,86.07469339
'2020-01-21T00:38:25.075Z',8,76.53639203607793
'2017-12-11T07:42:46.914Z',3,47.016113725408715
'2017-11-17T18:44:41.035Z',5,33.03581300525052
'2018-12-21T11:55:37.456Z',5,48.70971387
'2019-01-05T19:36:42.550Z',1,69.30266744356659
'2020-02-22T18:08:54.515Z',2,44.35176863324032
'2020-01-15T05:37:26.384Z',5,54.19665197349647
'2018-09-29T14:49:34.354Z',4,118.33520391748873
'2020-02-22T00:51:08.954Z',2,55.37799257507136
'2018-10-30T22:53:45.877Z',1,54.67960936113946
'2020-03-07T18:05:33.659Z',5,70.17996822592258
'2017-12-28T19:39:25.769Z',3,48.852398
'2019-01-02T17:38:01.115Z',2,109.66830232774542
'2019-02-10T17:24:11.007Z',4,58.0423452
'2019-03-17T09:04:33.571Z',1,122.77433822705365
'2017-05-12T01:50:18.754Z',4,42.98779770889484
'2017-07-31T01:51:14.506Z',5,56.623639047234526
'2019-04-25T20:02:41.995Z',3,68.66864609988735
'2018-12-10T23:56:40.992Z',2,125.8217416296766
'2018-07-28T10:46:14.415Z',7,35.71551770595415
'2018-08-10T22:36:10.537Z',4,76.47822018876612
'2020-02-10T15:12:48.408Z',2,125.30728069183884
'2019-03-23T12:20:11.887Z',8,78.68548482
'2019-01-26T05:08:50.114Z',3,117.58420248013333
'2018-07-10T10:30:31.895Z',7,79.39982431
'2018-11-11T23:14:38.963Z',6,46.422138245193054
'2019-04-19T04:56:25.628Z',2,144.18868486098364
'2017-04-29T03:37:15.177Z',1,15.968675813101619
'2020-02-20T01:10:10.142Z',8,35.459113819133975
'2020-04-03T22:04:49.551Z',2,75.60913757470843
'2019-01-22T04:59:02.669Z',2,66.38708893809182
'2019-09-17T22:16:59.264Z',1,117.53492368563515
'2020-03-23T18:51:37.009Z',6,42.75908427286663
'2019-06-21T09:20:03.373Z',6,53.330067184584195
'2018-02-26T10:25:46.923Z',1,42.40204865432122
'2018-10-13T15:01:41.303Z',8,76.19725433619979
'2017-08-23T22:10:03.079Z',1,40.40696431959564
'2019-03-29T06:51:03.601Z',2,141.26120776072977
'2019-10-27T17:18:19.048Z',1,71.75297644
'2019-10-10T05:41:51.312Z',4,159.45114501554508
'2019-04-15T03:25:58.359Z',3,137.86441929973077
'2018-07-18T20:22:17.601Z',4,40.36094840737837
'2019-02-24T05:52:18.811Z',1,109.40776288630502
'2017-03-26T12:14:22.315Z',7,45.81274972506452
'2018-04-05T02:41:39.440Z',2,73.00651714573097
'2019-07-26T06:13:08.255Z',4,134.12743003417745
'2017-04-28T04:34:03.603Z',4,43.75541434512084
'2018-04-17T20:07:37.078Z',6,136.1312342161813
'2018-12-30T15:14:40.870Z',4,49.01086767852284
'2019-02-17T02:43:20.256Z',6,47.76175846975388
'2018-04-02T23:12:41.377Z',2,122.93248625383379
'2017-12-14T01:55:07.972Z',5,81.65753792140943
'2018-02-23T22:43:58.986Z',3,123.57809380162705
'2018-11-02T12:48:02.293Z',8,134.0587061408166
'2019-11-22T22:28:22.447Z',1,56.50632090935828
'2017-08-04T06:46:20.136Z',1,47.91958164
'2018-03-03T09:07:39.704Z',4,121.72589579876522
'2018-04-20T03:20:41.317Z',5,125.07953915393054
'2018-08-08T20:15:41.412Z',1,134.7397477620143
'2019-09-23T09:04:21.513Z',6,136.3555356895087
'2019-04-21T19:59:09.606Z',1,138.66508496933199
'2019-07-23T17:49:09.322Z',4,81.98398029893126
'2020-02-13T07:25:18.807Z',8,79.35182712718114
'2019-06-22T19:09:02.197Z',4,48.89494932843989
'2017-09-14T00:51:26.236Z',2,86.36238532226423
'2018-09-19T09:11:30.137Z',5,113.50886825568762
'2020-01-15T15:48:00.667Z',2,115.82684532325744
'2019-12-23T16:56:30.347Z',3,104.81742602689697
'2017-07-14T00:25:12.945Z',2,45.35913460351995
'2019-01-09T05:11:46.758Z',8,70.85269539997486
'2019-12-07T23:32:38.698Z',4,132.1883426834807
'2018-01-15T23:17:34.715Z',7,86.63548301533308
'2019-05-10T22:38:54.628Z',2,82.25412790709203
'2019-04-10T11:32:33.727Z',8,139.93207916986788
'2018-12-13T04:12:38.597Z',6,134.6986139113654
'2018-02-10T18:27:04.038Z',1,108.76611915798611
'2018-12-13T12:45:29.640Z',4,57.70044210907176
'2017-06-24T21:22:07.766Z',3,53.00611238090672
'2017-01-25T03:52:09.464Z',2,81.58011291224673
'2018-02-26T14:46:17.563Z',8,41.495587307628384
'2020-04-18T02:45:50.329Z',8,163.75266164627283
'2019-05-17T23:28:01.683Z',2,148.96895263402234
'2018-01-14T09:39:26.627Z',3,128.58210854802164
'2017-04-04T12:34:48.804Z',1,78.58732312
'2019-03-12T05:59:15.161Z',2,134.26561800048245
'2018-11-08T09:50:44.037Z',2,110.48333960427792
'2020-01-14T12:33:28.418Z',7,72.01682979144664
'2018-09-17T21:17:51.004Z',8,43.23713225638154
'2017-11-19T13:43:05.560Z',7,71.09148404709946
'2017-09-07T08:39:03.180Z',5,58.912539174751615
'2018-09-06T22:24:31.649Z',3,48.92494702066843
'2018-10-02T22:17:05.090Z',5,126.59775622804271
'2019-03-07T23:30:45.440Z',3,111.75284667616222
'2017-04-03T20:22:06.516Z',3,42.18188046675065
'2019-02-02T18:45:58.293Z',3,86.64940119427627
'2018-10-30T18:57:57.559Z',1,81.17818575180263
'2018-08-10T00:29:53.034Z',4,75.06213116088102
'2019-09-02T17:20:00.043Z',5,43.52143991316238
'2019-09-30T06:42:36.717Z',2,68.34971118013237
'2017-08-30T20:56:18.689Z',8,86.68140594251811
'2018-08-18T20:25:12.036Z',3,112.00104146388904
'2019-11-20T23:34:39.620Z',6,116.43810774860538
'2019-07-02T21:43:37.023Z',4,63.59671640010358
'2017-03-21T18:21:44.552Z',4,31.96683448363757
'2018-05-24T14:18:12.225Z',3,71.27942871
'2019-11-15T15:46:11.364Z',6,128.31805804826192
'2019-03-26T08:50:54.616Z',1,138.6850378895595
'2016-10-24T06:46:13.879Z',2,28.165284389292808
'2018-08-31T07:43:01.747Z',7,77.25454194616314
'2019-02-16T10:48:11.104Z',1,116.3398993334483
'2019-05-01T00:55:43.921Z',8,115.58021193700772
'2018-01-10T21:04:21.765Z',1,82.71189213
'2018-10-13T15:53:24.679Z',2,92.55166942503311
'2016-12-06T06:24:08.014Z',8,91.94389156
'2019-09-22T01:37:34.955Z',1,88.92424491151222
'2018-04-09T17:11:09.589Z',6,93.11818415519261
'2017-06-01T19:42:27.921Z',6,65.76949753769583
'2017-07-07T02:59:30.289Z',2,65.67745477667073
'2018-01-31T13:16:39.636Z',7,54.045712414186646
'2019-09-04T10:41:22.880Z',5,62.457908023993774
'2016-11-02T08:10:15.416Z',5,53.20150979
'2018-01-23T10:20:31.480Z',5,49.94978601939345
'2020-03-28T14:10:43.815Z',5,88.27922291284762
'2018-03-26T14:43:09.622Z',5,76.35506915
'2020-01-24T23:38:30.041Z',5,111.89552703874016
'2019-03-03T06:12:18.523Z',5,46.26131067
'2019-11-07T23:35:21.595Z',2,67.35176416739051
'2019-11-19T18:46:07.327Z',3,79.59957545
'2018-09-11T05:13:50.355Z',3,59.29665004089955
'2019-06-24T10:30:44.732Z',3,106.85410852415256
'2018-09-08T19:54:31.608Z',3,87.25248746336233
'2020-02-27T11:59:06.867Z',8,50.24244765637769
'2018-03-02T00:01:50.563Z',5,123.87350483633864
'2018-04-01T03:17:01.997Z',7,64.30629154
'2018-03-15T10:32:32.725Z',5,122.31509858234848
'2020-02-02T19:52:49.362Z',7,85.95067263
'2019-09-14T22:10:06.808Z',8,118.06057038238781
'2020-02-23T11:23:27.976Z',4,111.61222657092114
'2019-06-12T12:34:30.563Z',7,76.73734491652121
'2018-05-25T12:23:12.057Z',8,50.6809982
'2017-06-19T19:24:40.710Z',8,80.10073497123496
'2019-12-23T17:28:26.035Z',2,39.154138824482956
'2017-07-15T05:12:18.229Z',6,45.693630542315894
'2018-02-27T05:15:38.313Z',3,83.61429240141088
'2018-02-07T21:51:06.320Z',3,54.97782954685784
'2020-01-05T15:40:26.967Z',4,98.25395997610197
'2016-09-16T11:13:48.000Z',5,34.34018851704991
'2017-05-25T07:16:45.944Z',7,69.48992931279824
'2018-02-01T16:10:22.101Z',2,58.04949523797682
'2018-07-30T10:05:32.321Z',2,46.339007050905195
'2018-10-23T13:07:10.414Z',1,131.5197374178077
'2017-11-17T23:07:24.730Z',6,58.35027185
'2017-02-08T14:03:09.943Z',4,48.903112182325216
'2019-08-08T22:35:48.084Z',7,149.2273371795836
'2017-08-12T18:41:15.697Z',3,28.755270064925856
'2018-05-26T11:03:10.356Z',6,115.45763686004754
'2019-08-18T19:46:01.984Z',4,29.887691554909388
'2017-04-29T20:26:22.904Z',1,69.02474517710893
'2016-06-27T02:16:49.792Z',4,52.357702842486766
'2017-05-04T10:40:10.487Z',2,56.793396200483265
'2019-03-02T04:53:26.432Z',1,84.42835953732487
'2019-04-28T23:59:07.946Z',5,112.65802629466009
'2017-11-26T04:03:30.183Z',7,97.64976715684502
'2018-02-20T11:50:21.339Z',8,45.85651856402125
'2017-12-08T02:25:45.103Z',2,28.36570720879994
'2017-05-21T18:53:16.764Z',4,59.81938191002933
'2017-12-22T13:02:10.604Z',1,88.95039625151713
'2016-09-20T07:18:23.260Z',5,87.05968398863673
'2016-12-19T01:28:46.046Z',5,24.260897145993408
'2018-12-21T01:11:54.232Z',3,106.34247722560696
'2020-02-19T03:30:57.852Z',7,71.43532699392429
'2018-11-03T20:33:40.154Z',8,40.88006139812148
'2016-06-01T18:12:52.802Z',3,75.12478167952808
'2016-08-01T02:36:07.530Z',4,49.79192981
'2019-07-14T04:36:25.080Z',2,85.98854716
'2019-08-16T16:55:19.884Z',4,70.44596577862907
'2018-10-22T05:07:06.089Z',6,88.19514855881197
'2019-08-01T00:37:19.643Z',8,138.1547041434967
'2018-10-22T18:58:59.380Z',8,87.04093569814262
'2018-09-10T13:26:57.216Z',6,72.08877358079388
'2019-11-15T08:27:03.566Z',4,128.15854306695346
'2019-08-19T02:19:30.002Z',2,122.26448905187868
'2018-12-06T11:58:41.318Z',6,54.50683487869253
'2019-06-06T03:01:19.015Z',7,135.7788524015919
'2018-11-09T09:36:41.899Z',4,105.1200465772374
'2018-12-25T23:35:45.712Z',4,60.14728093695249
'2018-11-18T00:00:04.360Z',4,112.88599547005825
'2017-06-20T18:23:42.777Z',2,94.90957544541908
'2018-09-18T21:56:25.693Z',2,143.39236878983772
'2016-06-13T09:02:30.147Z',6,77.61759071498122
'2016-10-05T09:18:59.743Z',8,29.712312636698716
'2019-09-28T11:05:35.414Z',3,132.6999784256833
'2019-05-31T03:33:52.849Z',3,108.06876542932612
'2018-11-07T05:18:57.189Z',7,42.716568527095575
'2017-05-26T06:19:14.311Z',2,50.152284839167265
'2019-06-09T05:49:02.348Z',8,58.00628767830821
'2018-02-20T04:12:42.944Z',3,74.63532548976046
'2017-08-20T10:04:37.717Z',6,58.777253408758156
'2017-12-12T14:59:11.615Z',5,83.15518129613632
'2016-10-11T00:23:59.995Z',5,62.46366810985965
'2019-12-07T21:19:19.488Z',3,51.18022223684252
'2019-11-19T17:15:01.839Z',7,62.3738392
'2019-05-08T12:27:55.906Z',6,83.81339897390087
'2020-03-30T19:51:34.250Z',6,46.269014987515945
'2018-09-22T03:04:32.788Z',4,57.64590853517839
'2020-01-18T01:19:58.728Z',3,142.62438248596752
'2018-05-29T20:20:30.620Z',5,157.42863152331182
'2018-05-06T04:56:41.072Z',7,130.64785203746763
'2017-11-23T10:50:59.453Z',3,50.75954928054037
'2019-05-03T05:22:42.914Z',1,46.777682870835015
'2020-01-05T00:32:54.154Z',1,63.51437581
'2020-04-02T14:05:23.324Z',4,142.91616615023992
'2016-12-10T23:04:21.275Z',4,31.460248077227543
'2017-01-28T23:10:29.715Z',8,80.58740973662547
'2018-09-16T00:23:19.943Z',5,89.47892068160398
'2016-10-14T09:10:10.295Z',3,58.42845445341629
'2017-06-01T02:23:10.202Z',1,52.08847623097396
'2018-02-20T02:20:57.717Z',1,131.53853092685412
'2019-07-12T19:51:31.975Z',3,39.078635909003964
'2019-02-07T12:46:47.337Z',3,69.71223181774957
'2019-11-16T21:49:10.857Z',1,70.15128464662547
'2017-12-09T01:01:05.301Z',3,28.311745813533445
'2017-01-27T04:29:38.800Z',4,38.74445475419061
'2019-06-22T10:29:09.988Z',3,141.85082202257664
'2017-11-05T01:17:38.167Z',4,68.89173591681059
'2019-10-02T08:13:11.879Z',8,113.63275983813517
'2019-08-26T05:20:50.051Z',1,144.5507537904731
'2019-10-08T17:56:41.681Z',2,107.24371602037786
'2019-10-21T17:15:40.299Z',6,65.29742165050554
'2019-10-09T05:55:00.379Z',1,113.50952026754503
'2019-10-03T05:04:56.792Z',6,62.25806597
'2018-12-08T07:37:57.248Z',3,112.93323925868584
'2018-11-12T19:50:18.214Z',8,110.62021032225066
'2019-06-23T09:04:31.718Z',4,135.3239329220567
'2017-12-09T02:50:22.686Z',5,102.05745004231487
'2017-02-11T07:18:04.720Z',5,84.79477642021573
'2019-11-28T23:01:21.988Z',3,122.16115075944619
'2018-09-20T15:12:14.890Z',6,64.03045451113671
'2017-08-23T19:13:46.055Z',8,46.82057242
'2019-04-07T08:35:08.363Z',5,142.08735227133198
'2018-03-17T20:29:31.512Z',4,68.33778362573696
'2019-01-26T00:45:25.795Z',5,93.65891004425337
'2018-11-01T06:59:44.577Z',5,45.51900622236653
'2018-07-16T04:26:52.981Z',7,32.684675717313944
'2019-11-14T18:43:12.465Z',8,83.88344651709274
'2019-02-03T17:04:25.909Z',3,43.34832201179685
'2017-09-27T22:30:10.342Z',1,48.385018579306454
'2019-04-24T22:22:23.608Z',8,124.51940127665762
'2017-04-06T15:28:28.597Z',1,54.06175305532452
'2017-06-15T13:25:27.122Z',6,51.83106047241085
'2019-04-11T22:16:41.054Z',1,109.63659041198864
'2017-07-30T09:00:25.978Z',6,86.43123405
'2019-02-10T13:24:53.902Z',2,115.50702605843358
'2018-06-09T22:59:07.457Z',6,65.59881321946015
'2019-09-02T12:31:41.842Z',2,37.99546249950687
'2018-03-19T21:46:00.829Z',1,123.7943073423316
'2019-12-28T19:18:09.189Z',7,104.29419168215195
'2020-03-25T19:21:17.073Z',7,40.876365714138274
'2018-08-10T10:46:55.981Z',8,128.41150931953052
'2019-08-02T11:53:32.232Z',5,75.04056978125698
'2018-10-31T19:26:42.240Z',8,86.35162415889197
'2019-01-26T13:03:57.509Z',5,116.90413971280557
'2020-02-07T22:44:48.903Z',3,62.077132586741534
'2018-03-19T22:33:06.186Z',2,131.8009388292047
'2018-06-22T16:43:29.830Z',4,112.40514341633832
'2018-02-09T08:33:55.490Z',5,43.25659710311128
'2016-12-26T04:54:45.517Z',2,86.21015820140913
'2019-08-11T09:19:34.411Z',3,93.78998520801812
'2019-08-27T14:24:29.311Z',4,61.00715147772978
'2019-04-07T01:07:02.190Z',3,98.82054329766414
'2020-02-17T18:43:55.309Z',1,112.22245121895212
'2019-09-24T20:05:19.455Z',1,85.48822579858619
'2019-07-31T04:22:41.694Z',1,103.69705579351759
'2018-08-04T07:36:34.389Z',1,89.65358547685067
'2019-08-29T01:30:29.787Z',5,24.056344717671035
'2019-12-10T05:32:10.682Z',5,52.857455356966824
'2018-08-02T20:14:52.676Z',3,92.71025885733941
'2019-06-10T23:12:41.377Z',7,88.06801559672161
'2019-03-22T06:05:26.137Z',2,145.07690525917397
'2017-09-26T20:15:42.610Z',7,99.20083239866845
'2018-07-28T20:47:07.681Z',8,48.54462377278027
'2017-03-03T13:32:28.680Z',4,46.12170509
'2019-03-18T14:22:14.172Z',1,120.54878328575649
'2018-05-27T09:54:35.152Z',1,61.65527093160504
'2017-09-27T04:18:12.467Z',6,45.42842148738519
'2018-02-18T02:21:55.033Z',2,110.82161011843145
'2018-01-15T12:14:25.381Z',2,47.65850688
'2018-09-15T03:04:03.965Z',7,123.42195751017437
'2019-01-29T00:57:09.386Z',2,127.60933556225963
'2019-04-06T20:18:34.170Z',8,64.09789543378338
'2018-09-17T12:25:08.509Z',8,96.08860106276938
'2020-04-01T01:41:04.238Z',7,61.07613855230518
'2018-04-12T04:53:48.978Z',8,87.24088030575263
'2017-05-15T00:01:31.600Z',8,47.12985205061738
'2019-04-04T22:55:54.718Z',6,107.5809206
'2019-12-12T22:07:44.920Z',8,62.97257599574372
'2018-01-07T13:33:16.975Z',1,41.55573739052764
'2016-11-01T12:56:20.851Z',2,49.01134248930908
'2017-12-16T05:12:36.785Z',7,84.92604003681059
'2019-03-11T17:55:36.759Z',6,141.05282885674077
'2019-08-21T14:42:48.205Z',2,74.34567021954783
'2019-04-28T16:30:43.241Z',3,135.99803464807377
'2018-02-08T02:26:10.143Z',7,147.76451045047105
'2018-12-20T16:57:02.149Z',3,51.805088244672035
'2017-10-13T21:22:36.627Z',6,31.627819014149022
'2019-11-04T05:35:03.569Z',7,136.43178051877626
'2019-10-31T03:11:44.256Z',8,97.21473959187918
'2019-01-09T20:28:04.541Z',3,62.84444387226277
'2019-02-07T11:08:59.915Z',7,68.75270226110888
'2018-07-11T22:40:42.638Z',8,91.08876280716449
'2018-05-06T15:10:40.712Z',5,56.334383559228925
'2018-03-24T03:27:48.405Z',8,88.43970506375182
'2018-03-01T15:43:34.696Z',2,108.57327497218097
'2019-05-20T08:13:05.720Z',6,156.11305496683758
'2018-04-29T20:34:02.095Z',4,98.68548036471222
'2018-02-16T19:56:04.567Z',1,150.48737810047942
'2018-11-06T22:57:59.139Z',2,81.48486983
'2020-01-26T21:56:47.075Z',2,134.72876372622719
'2019-07-06T12:49:48.044Z',8,50.36230010730168
'2017-08-01T10:32:40.486Z',7,48.81577074935545
'2018-07-28T23:47:38.505Z',8,81.48424318
'2018-11-11T04:21:51.115Z',2,133.93212158241866
'2019-11-14T09:08:05.004Z',6,101.76620539599334
'2017-12-06T10:36:42.183Z',1,85.75548412
'2020-02-20T11:54:19.889Z',5,35.18743902561296
'2020-01-17T19:25:57.849Z',8,78.91287227019748
'2018-11-15T07:16:35.961Z',3,88.46134914204703
'2017-11-23T08:23:47.528Z',8,37.66135740938284
'2019-06-19T12:56:37.033Z',7,73.25790140292112
'2020-03-14T13:06:15.989Z',1,112.27286179648469
'2017-10-31T21:16:38.066Z',6,45.21675273616938
'2018-03-09T23:51:04.902Z',4,71.81833540285253
'2018-10-11T17:54:33.142Z',3,107.25517741517166
'2018-12-18T13:16:14.099Z',3,117.44039152103171
'2020-01-17T15:05:21.923Z',4,78.13579730198661
'2019-02-09T01:43:58.810Z',5,121.55270249418858
'2017-09-06T00:11:40.562Z',3,54.59125029513752
'2019-05-21T04:14:05.818Z',3,112.48098381247684
'2017-09-27T09:12:02.810Z',2,97.62080958959913
'2018-11-24T01:06:31.384Z',7,113.65461897596033
'2019-12-25T04:03:08.166Z',5,48.55137416191242
'2018-05-16T05:10:14.819Z',3,54.676091937977425
'2020-03-10T23:05:30.248Z',1,98.72347761532541
'2018-04-09T04:32:00.802Z',3,129.70160493947947
'2019-04-28T16:09:55.755Z',6,131.25652729181826
'2019-06-05T12:47:55.158Z',3,135.99409753925494
'2018-07-30T10:34:40.331Z',3,106.99002034850636
'2018-01-19T02:30:16.142Z',3,69.29965407010604
'2018-08-04T08:12:32.324Z',4,83.99369051564966
'2018-03-07T02:34:55.617Z',7,74.88319078698545
'2018-04-19T16:06:40.697Z',3,109.35091712038678
'2020-04-09T10:12:22.059Z',2,125.71730321259349
'2019-10-23T13:12:49.336Z',7,110.28342137686268
'2017-01-15T20:30:38.317Z',3,93.67671626433417
'2018-10-23T15:15:26.243Z',3,103.02983902766258
'2017-06-24T01:50:45.961Z',2,48.51695397522114
'2018-03-11T21:47:06.006Z',4,125.50157554366645
'2017-04-15T02:16:57.584Z',5,84.96431815849428
'2019-05-16T09:03:31.216Z',6,117.86543532120831
'2018-08-29T16:56:05.338Z',3,83.75246934433127
'2020-02-21T15:05:02.656Z',6,40.66356746614379
'2019-07-09T14:23:31.573Z',6,54.64289826668869
'2019-04-22T20:57:09.263Z',3,91.40713520205627
'2018-08-24T23:06:47.215Z',1,41.905455314562616
'2020-03-24T20:16:15.881Z',7,51.94355292942357
'2018-10-26T11:38:54.157Z',4,90.04767991640767
'2018-04-17T17:54:48.214Z',3,129.50942306492706
'2017-03-09T05:49:33.532Z',6,103.67654842062493
'2019-07-25T03:36:08.306Z',4,130.8094472194543
'2018-12-15T06:22:02.791Z',5,102.62593872183018
'2019-09-11T15:25:07.528Z',2,45.23757058837111
'2018-10-17T17:51:08.670Z',6,119.56166192346961
'2019-11-26T21:37:17.835Z',1,56.63964076623261
'2019-02-18T13:46:57.173Z',8,125.81316952980612
'2019-01-27T22:57:15.849Z',8,38.22608096401707
'2020-02-27T05:48:44.529Z',5,88.40638461558798
'2019-08-06T12:09:28.009Z',1,64.26353271505121
'2019-01-27T15:58:14.111Z',3,145.1604747252853
'2019-10-01T11:04:07.158Z',5,66.99188531309585
'2019-01-17T22:59:14.263Z',3,135.5433601988775
'2020-01-01T16:25:57.186Z',7,36.93346153195533
'2018-10-27T00:27:05.773Z',3,129.7975818672355
'2020-02-29T07:13:04.056Z',7,90.63774492982262
'2019-11-05T00:20:51.701Z',1,24.237578768535297
'2017-12-11T12:41:33.997Z',1,87.53720100924076
'2019-08-03T11:02:30.138Z',6,138.44810260182928
'2019-08-20T00:56:04.925Z',3,146.61544905831732
'2017-10-19T17:51:49.749Z',3,51.97910290685327
'2017-11-27T12:15:05.731Z',7,47.231926748205204
'2019-04-23T14:13:31.541Z',4,133.81811609220398
'2017-04-19T20:18:47.293Z',5,87.57597502882244
'2018-07-24T07:03:36.519Z',1,123.54770526162088
'2018-02-07T14:22:43.536Z',7,40.94512694
'2020-01-31T07:57:02.432Z',1,142.99464478114913
'2019-03-15T16:24:28.358Z',7,64.18999594428888
'2018-10-26T00:44:50.893Z',6,107.55914658660096
'2018-11-12T05:08:10.817Z',5,73.66400378345581
'2017-10-13T17:32:17.497Z',8,45.15190692748813
'2019-02-24T16:05:03.257Z',7,116.0483967439864
'2018-10-15T18:37:18.597Z',7,108.93989387404089
'2020-01-12T01:25:34.657Z',5,59.51901256654819
'2018-04-10T20:43:37.812Z',8,110.09816385869274
'2018-08-28T22:44:04.684Z',3,39.01612067183602
'2019-03-31T07:38:00.271Z',8,106.3533340112972
'2017-11-17T14:15:37.962Z',8,26.84369251366448
'2018-04-18T18:16:50.966Z',7,77.50109491329832
'2019-11-06T17:39:17.309Z',6,115.9867702738476
'2019-05-18T06:01:44.093Z',2,100.94273027778428
'2017-03-27T01:41:56.393Z',6,48.46242143684614
'2020-03-03T17:42:55.832Z',5,147.18969079796818
'2018-08-09T10:08:22.130Z',7,70.05154218183327
'2019-05-17T18:10:35.778Z',7,130.34895916461736
'2020-01-15T00:55:48.021Z',5,120.14388892811839
'2019-08-13T21:20:42.098Z',6,40.82825474256422
'2019-01-13T21:29:56.592Z',8,53.214208881693004
'2018-10-04T19:55:06.634Z',4,113.32115600329165
'2018-12-27T11:18:55.673Z',4,110.70431634831796
'2017-05-07T08:40:21.611Z',3,91.11872667259249
'2019-04-16T16:39:59.616Z',1,44.56095176395502
'2016-09-10T00:45:38.181Z',2,27.072099304732763
'2020-01-03T16:47:48.061Z',4,61.519087034501595
'2019-09-27T04:13:46.772Z',5,105.60319529377661
'2018-07-14T09:56:26.779Z',1,129.1679378870787
'2018-02-09T04:18:45.870Z',3,84.45160386327761
'2019-04-24T23:33:43.572Z',5,110.41280489565682
'2019-11-16T22:26:38.662Z',5,135.19926600069186
'2017-08-17T18:50:00.143Z',6,26.140675929130502
'2019-05-19T07:22:10.545Z',6,89.32082726042205
'2017-10-25T07:39:31.560Z',8,52.75890460638264
'2018-12-04T07:14:14.923Z',8,126.74229385676742
'2018-02-15T12:27:59.206Z',7,62.398478876559246
'2018-04-20T15:26:24.359Z',6,93.82498508115977
'2018-10-27T23:04:31.821Z',1,53.42929985730876
'2020-01-01T13:59:20.248Z',3,153.78230272995177
'2019-02-19T17:33:30.472Z',3,116.73857718822411
'2018-11-11T17:51:20.850Z',6,145.0452242824912
'2019-03-18T03:32:21.407Z',1,57.94850331468098
'2017-09-10T11:11:55.387Z',5,31.41284204714374
'2019-01-24T07:08:32.132Z',4,61.065863607351396
'2019-07-20T17:13:45.466Z',7,43.08868988040843
'2018-04-27T11:44:58.038Z',1,53.893659547116016
'2019-07-20T16:01:55.656Z',5,50.31282940538061
'2020-01-02T15:54:01.775Z',7,41.08019015508462
'2017-07-29T23:54:50.419Z',7,72.93267180209864
'2020-01-28T06:14:04.259Z',1,108.36268462935743
'2020-03-22T14:41:05.465Z',1,51.817708471469494
'2020-03-16T04:45:34.385Z',8,73.42968369021453
'2017-10-03T02:14:50.274Z',4,44.40678224023757
'2017-08-08T20:28:22.106Z',1,92.94423019
'2017-05-12T15:39:49.729Z',6,42.51050239356796
'2017-03-04T10:46:17.718Z',4,87.65948470358451
'2017-07-14T05:39:11.076Z',3,16.47744924518663
'2019-07-03T00:41:03.541Z',1,84.51330427374789
'2018-05-04T01:26:12.027Z',4,72.01140737
'2019-05-21T13:46:43.617Z',8,64.68812329391959
'2019-02-15T15:05:56.517Z',7,78.66201021628093
'2016-11-11T13:12:04.968Z',1,90.82737727840545
'2019-04-05T17:21:17.100Z',7,85.64468507822093
'2018-09-25T13:08:13.730Z',8,130.28785236712437
'2017-12-08T00:29:10.496Z',4,82.20631662323744
'2017-12-08T03:13:14.552Z',1,79.77901028518228
'2018-10-27T01:27:44.226Z',3,91.79551436357536
'2018-05-16T10:02:45.073Z',5,72.26417116872922
'2017-12-20T05:46:26.384Z',6,86.46894183042131
'2020-03-12T05:43:13.119Z',3,49.59906116615733
'2019-02-01T21:48:50.109Z',7,80.88285206848113
'2019-09-23T09:13:47.384Z',5,37.408795885384365
'2017-10-28T19:20:33.157Z',1,91.02114031679419
'2019-04-03T03:08:27.573Z',7,110.73161447965296
'2020-03-14T18:48:41.418Z',3,90.97354879583612
'2019-09-11T04:53:58.607Z',1,81.42775503426382
'2019-12-18T14:03:22.962Z',3,120.24083439694739
'2020-01-29T23:32:51.050Z',8,145.13075026735297
'2020-04-03T13:03:44.679Z',6,94.31173954878501
'2019-06-24T15:29:58.266Z',3,156.76844929465136
'2018-11-18T03:32:51.873Z',5,49.39321424866697
'2020-02-27T02:21:13.658Z',5,146.6522275554838
'2019-07-13T04:20:26.577Z',6,61.8682967
'2019-06-26T09:36:26.566Z',6,93.06516541184985
'2018-03-03T17:27:29.110Z',4,156.01734891284917
'2019-04-15T21:11:35.163Z',2,67.03913956701038
'2019-06-06T10:30:09.234Z',3,60.31845127268716
'2018-02-10T08:43:55.120Z',5,85.51915676609497
'2018-04-24T07:35:45.028Z',2,116.27480422887731
'2018-02-11T06:37:34.198Z',6,45.981002877202044
'2020-04-19T14:07:15.657Z',5,69.51209162165432
'2017-04-29T00:33:33.554Z',8,83.91411691
'2019-01-17T08:05:29.296Z',3,89.10778223117708
'2018-12-22T02:27:09.443Z',4,58.61203558477995
'2019-04-13T02:43:58.276Z',3,40.38307991884145
'2020-01-07T06:04:24.327Z',3,136.7036952569346
'2019-10-25T09:16:20.257Z',3,81.05928627192652
'2017-03-01T03:49:39.618Z',1,44.39096208679294
'2020-03-17T06:50:01.789Z',5,53.37068418437869
'2018-04-26T10:36:05.302Z',5,70.36241668747196
'2019-09-19T17:29:21.865Z',7,36.457936122655354
'2019-08-24T11:26:19.530Z',1,78.50760384266714
'2020-01-26T05:04:17.229Z',7,145.9050129960857
'2018-08-16T14:57:08.410Z',4,40.96179704017848
'2019-08-10T21:34:12.006Z',4,72.43565455
'2018-09-01T06:32:23.048Z',7,164.96985113483913
'2018-07-16T11:02:24.528Z',1,133.60160309282216
'2019-07-21T19:45:17.750Z',6,73.84402987566618
'2019-01-25T16:07:32.619Z',2,114.07779194424992
'2018-07-26T02:44:01.741Z',3,33.44768346310617
'2019-06-28T16:57:03.718Z',7,118.6420492271054
'2018-07-02T09:49:37.172Z',5,130.89661794220953
'2018-08-08T03:25:56.908Z',6,64.13323554811642
'2018-12-13T17:49:34.380Z',8,135.2424427081342
'2018-11-21T09:39:48.937Z',7,63.638126491780994
'2019-09-08T19:58:05.000Z',8,38.51011695268777
'2019-08-11T15:07:31.958Z',4,99.26560815844628
'2018-09-06T20:12:37.829Z',6,25.981548088769205
'2016-09-23T06:32:40.772Z',8,56.41481434885776
'2018-08-20T06:38:19.574Z',7,47.04442895731295
'2017-07-24T04:21:21.450Z',5,29.675711046736147
'2017-05-06T17:10:33.244Z',1,75.31434028602669
'2019-01-14T08:26:30.450Z',5,55.162097158029354
'2017-11-26T11:44:46.855Z',4,86.25948277129156
'2017-09-28T06:02:46.985Z',4,103.61581768985636
'2018-11-27T09:50:12.150Z',5,117.1776606457601
'2019-07-27T09:10:03.217Z',7,38.52989112339671
'2019-04-29T07:04:51.952Z',7,73.15153230306115
'2017-03-29T12:07:28.824Z',6,89.08518785
'2019-01-03T20:32:31.766Z',2,53.95834395714403
'2019-06-03T00:40:50.413Z',1,133.21870304100756
'2020-01-10T08:40:14.901Z',2,81.95575896
'2020-02-08T14:58:15.033Z',2,123.63563385350277
'2020-01-14T03:46:55.527Z',8,133.04342124674736
'2018-01-20T10:32:55.326Z',1,135.84435133556184
'2019-07-01T16:46:48.984Z',8,31.547311982986937
'2018-03-31T19:26:08.341Z',7,151.03863066695493
'2019-05-26T05:50:21.990Z',2,92.49707951325776
'2019-07-10T12:50:40.872Z',2,120.02808214550699
'2018-10-06T22:47:00.945Z',8,37.68325938879507
'2018-08-03T10:27:03.809Z',2,74.19961802499304
'2019-07-25T02:33:15.991Z',7,69.82856489708523
'2019-02-11T13:35:50.709Z',5,135.9792341323098
'2018-05-12T18:04:08.334Z',2,88.24686498608358
'2017-07-07T02:20:44.042Z',3,87.68754395312764
'2020-02-29T03:20:24.648Z',1,38.07044581
'2019-09-09T22:12:12.276Z',1,144.32670135148064
'2018-07-31T12:35:05.490Z',6,117.0053684547769
'2019-03-03T16:58:34.190Z',7,45.621050788734486
'2019-09-15T15:16:27.741Z',6,134.6306631814527
'2017-08-06T01:18:04.109Z',8,106.03834681144752
'2018-01-03T16:14:53.858Z',8,55.409966399324176
'2019-05-29T00:50:18.110Z',8,67.73813563487566
'2020-03-26T02:09:55.477Z',2,107.00875179312185
'2019-12-20T18:42:55.479Z',3,60.33922207682747
'2018-07-14T07:17:57.975Z',3,37.420995547586124
'2019-09-30T12:09:09.722Z',6,95.70309869551805
'2018-02-07T05:07:18.444Z',8,69.68144399305707
'2019-06-13T19:46:54.443Z',7,47.285121720224915
'2019-10-25T03:08:53.418Z',2,39.23025136090704
'2019-07-17T16:59:46.871Z',8,114.49250161696378
'2018-02-18T23:21:43.454Z',8,42.49362396268519
'2019-06-05T19:29:59.561Z',7,138.8320248119395
'2018-04-18T22:03:14.284Z',8,76.93301070946907
'2018-09-15T04:09:32.851Z',1,49.79605110859785
'2017-01-13T03:05:12.520Z',3,20.67963140577113
'2020-02-01T23:29:57.262Z',4,124.21323930922826
'2018-12-16T12:02:55.136Z',2,90.19365660308691
'2019-01-30T19:19:59.111Z',5,104.62172306368613
'2020-04-10T01:08:04.574Z',1,43.84523278674654
'2019-03-08T07:35:28.742Z',1,133.9452637879159
'2019-10-06T15:23:03.569Z',8,54.69842619735112
'2017-10-17T21:38:23.062Z',4,44.73398977544244
'2018-01-04T22:58:41.900Z',1,46.98943029
'2019-02-27T10:15:27.183Z',5,37.20989365251202
'2020-03-26T11:11:21.366Z',3,122.91328094444022
'2019-09-17T21:21:18.332Z',7,83.16391282747091
'2020-03-11T00:38:40.864Z',3,44.054058170265556
'2019-03-21T15:05:11.827Z',8,120.85241572577243
'2020-02-28T16:20:37.634Z',2,78.27169427815606
'2019-10-05T02:41:31.333Z',2,130.67553474641466
'2019-08-16T10:42:43.785Z',1,123.52066482121056
'2019-07-30T21:47:52.903Z',5,58.59021911
'2017-03-21T09:48:41.831Z',8,86.24672476155092
'2018-07-23T06:12:43.143Z',2,30.582180835160933
'2018-09-16T15:17:43.486Z',6,43.75917290252368
'2018-06-12T15:10:04.697Z',3,141.56844938711401
'2019-11-19T19:18:04.008Z',1,115.76244746236132
'2017-07-23T19:53:08.882Z',8,50.47604140234519
'2019-10-22T22:06:46.631Z',5,82.62785074983508
'2018-08-16T21:31:58.687Z',1,54.56248478173771
'2019-04-30T13:29:29.900Z',4,66.22423361564623
'2018-08-04T03:19:36.090Z',8,53.149684574605494
'2019-02-05T13:23:10.640Z',1,64.21125784521158
'2019-07-06T18:09:41.618Z',2,52.504885120871585
'2019-03-21T02:24:15.633Z',5,32.20339271972486
'2018-06-27T20:00:09.522Z',1,36.75037775825839
'2019-04-25T13:02:24.048Z',4,100.27461802011761
'2019-08-06T20:25:34.978Z',5,24.97745735661748
'2017-02-12T07:05:27.938Z',7,43.97254650678978
'2018-08-19T11:42:23.663Z',3,71.54985196108561
'2018-08-17T21:44:30.688Z',5,147.7479133017721
'2017-09-18T01:08:16.121Z',5,47.61391475910475
'2019-09-27T01:54:10.850Z',1,52.12934276945261
'2018-09-03T05:18:36.419Z',7,57.92845320971687
'2019-06-20T22:45:27.932Z',4,114.32460940190889
'2019-11-07T06:42:58.171Z',2,63.84512627358602
'2018-09-19T01:44:00.177Z',4,122.38058014907516
'2016-11-29T11:51:58.646Z',3,74.83434512288926
'2017-05-26T18:51:07.560Z',5,58.85851312270714
'2017-05-09T10:29:34.459Z',5,69.45735079903167
'2018-12-28T00:43:41.643Z',2,37.01755243909584
'2017-11-02T10:55:34.611Z',2,74.29086491521241
'2018-08-07T03:38:11.002Z',8,142.0823301166218
'2018-01-17T22:06:07.890Z',4,120.42062290212986
'2016-08-22T14:28:59.059Z',7,94.88124727380783
'2018-02-15T05:00:40.734Z',1,37.73479402
'2019-02-26T20:11:56.619Z',6,134.1607659362687
'2019-08-10T02:40:20.267Z',7,114.1142297950312
'2017-02-16T06:03:39.295Z',3,33.70323686596983
'2018-06-07T14:00:00.269Z',2,105.79889680103145
'2019-06-05T03:27:33.956Z',6,147.03870822590756
'2019-10-29T15:46:42.837Z',2,47.376800260347224
'2017-07-25T16:20:10.223Z',8,34.499504506439955
'2017-12-27T00:38:17.438Z',1,58.10646628331387
'2019-09-18T23:01:12.999Z',6,33.59589318076197
'2017-07-29T14:56:23.843Z',5,39.744817338678224
'2017-03-27T20:14:00.634Z',4,103.56613595935265
'2019-03-01T17:04:18.660Z',8,63.10736993650141
'2018-11-10T03:04:33.599Z',8,122.54952488920867
'2019-12-11T22:00:20.009Z',6,106.25062167478592
'2020-02-04T22:49:38.053Z',4,97.51794064930705
'2019-09-30T03:03:31.143Z',6,128.92065599865379
'2019-09-28T02:49:44.025Z',2,97.62118499211653
'2019-02-13T09:46:01.640Z',5,126.02107578961966
'2018-08-16T05:39:53.813Z',5,102.10431411903393
'2018-05-23T17:08:35.495Z',4,159.36921839216117
'2018-12-10T07:37:11.674Z',7,69.24477955279708
'2018-10-25T15:51:44.697Z',5,102.86110335724563
'2018-08-22T19:39:11.630Z',7,107.00058456395048
'2020-02-28T06:15:45.615Z',1,71.16327540451037
'2017-08-24T05:40:46.743Z',1,47.302357600502894
'2018-07-26T16:45:05.629Z',1,50.353005196874896
'2018-11-15T01:21:49.326Z',1,37.04772491939266
'2019-12-02T11:20:24.995Z',5,78.58607145046129
'2018-06-11T00:22:23.837Z',2,89.12785047985415
'2019-11-16T19:01:41.169Z',6,154.63497594173504
'2018-12-27T06:14:30.378Z',8,116.88266036419344
'2019-08-14T13:13:50.935Z',8,51.296700642438154
'2020-03-27T05:06:24.618Z',5,99.07464896422829
'2019-05-31T14:15:27.768Z',4,101.78216410568953
'2019-06-26T04:16:34.722Z',8,130.85143678548278
'2019-01-13T15:31:30.491Z',8,35.14469776508286
'2018-12-05T06:16:35.853Z',2,144.84656851851182
'2019-07-22T08:15:56.511Z',1,52.985690213105904
'2018-09-17T22:42:22.949Z',4,44.921768497252266
'2017-08-22T03:04:23.100Z',5,71.37658797815344
'2019-08-12T08:58:44.632Z',2,92.57645493310318
'2019-11-04T16:59:01.579Z',1,89.76684437
'2018-01-15T20:05:30.814Z',6,86.76521204934794
'2017-06-18T22:37:39.262Z',1,43.91651502377583
'2019-04-30T07:39:12.340Z',6,31.965158794846065
'2016-07-19T14:08:49.873Z',1,53.57571939451168
'2020-02-14T18:55:03.083Z',3,169.17982252162366
'2018-03-25T21:51:07.348Z',1,108.42503888908864
'2019-12-13T13:18:44.162Z',2,132.6247183162999
'2019-12-31T23:49:10.826Z',8,57.49344274658839
'2018-08-25T10:35:43.551Z',5,106.79967735271565
'2017-09-09T05:24:26.465Z',2,74.26702036725698
'2018-06-27T01:33:24.673Z',1,78.07803959041664
'2020-03-30T21:58:39.360Z',2,78.03738221004826
'2019-02-25T15:56:55.656Z',7,110.18453927349232
'2018-04-10T03:22:35.744Z',7,53.188199653130006
'2018-09-02T22:22:38.927Z',6,49.600832721034074
'2020-03-22T00:47:24.248Z',8,114.9130696335489
'2019-09-27T19:50:42.476Z',2,120.00839362815458
'2016-10-03T22:17:23.915Z',5,42.611808944591594
'2019-10-29T09:52:49.516Z',1,40.78337172085199
'2018-11-01T11:52:15.642Z',7,101.10657218031162
'2018-11-15T12:54:38.125Z',2,50.14498624207312
'2020-03-01T11:18:39.578Z',2,127.00814908901873
'2019-05-12T14:22:20.300Z',4,65.68146088
'2018-05-06T14:35:40.467Z',3,97.38414251968652
'2019-09-07T10:29:36.971Z',1,85.70036192
'2018-03-07T21:05:54.441Z',3,142.9359329895956
'2018-04-27T16:44:17.378Z',4,125.41941311172076
'2020-01-10T12:53:33.317Z',6,150.11075016905673
'2017-10-27T19:33:08.334Z',8,30.558078177937844
'2019-10-18T09:24:05.112Z',5,60.60424291090049
'2019-06-06T09:41:52.773Z',6,121.69956460300429
'2020-04-06T19:42:17.900Z',1,143.40027330189145
'2017-04-21T07:54:53.642Z',1,84.34690634968631
'2017-10-12T00:29:14.253Z',1,24.23067629489311
'2019-02-12T13:00:05.519Z',2,96.14512941
'2017-11-12T03:37:17.879Z',7,58.86788836
'2016-12-11T16:08:07.483Z',8,65.17858639
'2019-01-30T15:21:59.872Z',1,102.21215198563036
'2020-01-13T18:49:12.990Z',5,69.36327385943538
'2019-11-20T15:15:11.931Z',2,108.77576994736054
'2018-06-17T18:14:16.632Z',8,90.41618105749119
'2020-03-30T17:56:20.895Z',3,118.35564647125003
'2018-08-23T23:01:43.220Z',2,140.72327803692733
'2019-06-05T13:48:55.642Z',1,36.14450393311214
'2019-06-03T15:26:41.495Z',5,130.9584002603451
'2020-02-08T16:35:18.626Z',5,71.65188966
'2020-03-04T16:16:16.757Z',5,42.62801643094991
'2019-11-01T17:58:31.438Z',4,136.1539526571425
'2019-07-12T11:58:36.012Z',3,57.79399869647647
'2017-11-05T12:44:47.310Z',4,34.38621985675342
'2020-02-21T03:08:49.459Z',2,143.54377072418038
'2020-02-16T02:04:28.518Z',5,156.4444575443507
'2018-08-15T12:44:21.493Z',7,47.04214469331261
'2018-03-20T04:10:17.766Z',6,53.18655300984244
'2018-09-13T11:33:48.105Z',1,143.3694079586953
'2017-10-14T13:44:12.372Z',6,91.79677053739124
'2018-11-22T23:57:34.554Z',8,161.78163362217376
'2018-12-21T18:19:58.193Z',6,119.15998836063658
'2018-10-21T23:50:34.526Z',2,43.979314744877826
'2019-10-01T20:25:59.055Z',6,39.22931028878555
'2019-08-12T16:00:33.288Z',1,162.6930357034746
'2019-07-19T09:13:55.029Z',4,130.7636666741293
'2020-02-15T06:47:12.798Z',6,72.39526887320578
'2019-10-13T13:53:48.556Z',8,76.49961444887924
'2019-03-19T16:08:18.121Z',7,76.84174317
'2017-12-16T17:01:57.304Z',4,25.59174398528368
'2019-12-02T19:46:20.320Z',4,57.83514530561376
'2017-09-10T12:14:46.658Z',5,29.85578911129083
'2018-07-17T19:21:05.490Z',5,120.9497984885248
'2019-01-22T05:48:39.607Z',6,134.93990035612103
'2020-01-23T12:59:58.599Z',5,71.67619192583892
'2018-05-02T22:47:34.362Z',5,91.75495565795588
'2018-04-11T23:00:24.590Z',4,50.957288844424816
'2019-01-05T22:08:25.692Z',8,70.87235058136504
'2017-06-02T05:54:50.799Z',7,29.16665069183565
'2019-07-23T05:02:01.475Z',6,135.4051455274867
'2018-09-15T10:53:17.835Z',3,92.31781379953307
'2018-07-16T07:24:03.857Z',7,141.31592052599706
'2018-11-18T14:47:42.067Z',5,107.35097673501782
'2020-02-03T01:55:18.819Z',3,95.18505396988076
'2019-08-17T16:54:47.922Z',4,44.85857517147298
'2017-11-12T03:42:20.273Z',2,58.17548182978108
'2017-09-11T22:45:52.145Z',2,29.312511047621438
'2019-03-26T02:32:30.347Z',4,112.7090987423759
'2018-03-06T08:34:21.631Z',5,99.33725938824236
'2020-01-30T14:34:09.778Z',7,141.2857408267338
'2020-02-21T06:24:21.303Z',3,97.87753879353384
'2020-03-17T23:26:42.787Z',3,83.64509305238778
'2019-09-18T22:40:34.444Z',1,92.92594627
'2019-11-08T11:59:18.840Z',1,65.32699485892178
'2019-07-20T00:05:22.656Z',8,129.9425813848112
'2019-02-12T00:22:03.679Z',7,56.23683266109079
'2017-03-04T18:05:05.784Z',1,31.172972089096543
'2018-08-07T23:35:25.901Z',6,72.00751695240635
'2019-04-12T09:23:03.317Z',8,83.76886889
'2020-03-18T19:53:42.904Z',8,42.21167789161626
'2020-01-27T10:41:45.422Z',1,81.63478466485688
'2018-01-07T14:20:26.082Z',7,123.54596165101634
'2017-08-31T12:09:40.453Z',7,22.49181272738221
'2019-01-22T21:13:32.651Z',1,69.78237835065751
'2020-03-23T00:10:43.723Z',1,128.0870970534065
'2018-01-08T10:46:57.603Z',3,63.74847690378994
'2019-08-22T14:40:24.554Z',5,148.45728305518898
'2019-12-25T02:48:56.936Z',6,149.35049662991267
'2018-11-06T00:13:11.125Z',4,75.46170590177724
'2018-06-23T23:36:10.458Z',7,67.18132294115165
'2020-02-10T02:24:02.279Z',1,103.76085625598628
'2017-09-24T01:37:33.307Z',4,51.155429455631754
'2020-02-02T06:55:50.034Z',7,97.34020914343681
'2019-12-10T15:44:32.792Z',3,69.11403499525363
'2019-01-03T19:58:34.834Z',4,80.52892596162637
'2016-12-29T06:20:53.887Z',2,90.82332355790014
'2019-11-01T20:27:13.015Z',2,82.33647445
'2018-09-08T19:12:16.249Z',2,42.44175370253894
'2018-06-15T21:21:52.493Z',5,109.56340791794831
'2017-09-20T07:13:34.259Z',6,43.03347017552029
'2018-07-28T02:48:06.148Z',6,128.31017970811084
'2018-12-04T00:47:06.731Z',6,52.242124497436485
'2018-02-28T20:26:23.621Z',3,121.4061393026828
'2017-10-22T02:08:47.578Z',1,87.93254132803837
'2017-11-03T22:22:21.099Z',2,79.51382847871311
'2018-02-25T15:05:32.644Z',8,77.55120559319334
'2017-11-08T11:20:44.315Z',7,43.563055393608174
'2018-10-05T12:35:01.545Z',6,76.84344003226488
'2017-11-01T04:49:44.891Z',8,86.95548733077631
'2017-05-20T03:27:08.573Z',4,79.43177965638628
'2018-12-11T17:33:09.936Z',8,141.37773313419285
'2019-05-17T19:12:06.389Z',8,42.317784370813705
'2018-03-19T14:09:11.413Z',8,73.32609762897648
'2019-03-26T01:33:36.752Z',4,144.45997092892293
'2017-11-07T04:19:30.657Z',8,47.66831021589108
'2019-06-30T00:36:19.921Z',3,125.99602975951014
'2019-07-12T22:11:11.839Z',3,144.6663906486833
'2019-03-08T09:09:40.871Z',7,45.13567841003966
'2019-06-21T04:00:29.236Z',5,71.67035342770943
'2019-04-29T11:21:06.183Z',3,131.83619435369542
'2018-02-03T11:17:17.447Z',2,121.65864145524202
'2018-02-16T15:26:47.868Z',4,90.78665998114165
'2019-06-24T10:14:33.608Z',6,113.14083186387786
'2019-06-25T00:33:50.610Z',2,40.74992361729302
'2018-06-16T04:18:22.510Z',3,142.55486286341505
'2018-12-13T18:27:25.072Z',1,143.3074787
'2018-05-12T07:59:12.618Z',2,76.97397888667818
'2018-10-06T12:08:44.493Z',1,120.24668506416062
'2017-12-08T05:43:28.077Z',2,69.39991545856259
'2019-04-29T14:12:02.320Z',5,124.90573286687868
'2017-10-27T23:52:41.973Z',4,27.24305311
'2020-01-08T09:24:35.078Z',1,45.29417697059067
'2017-11-29T16:19:05.527Z',8,94.92331905854904
'2018-06-28T12:57:00.407Z',5,45.64286606883629
'2020-01-14T21:46:11.746Z',3,105.95634169116785
'2019-02-07T03:05:24.198Z',5,121.9493360014461
'2019-05-17T12:06:00.229Z',8,27.085720269470144
'2018-01-04T03:09:51.693Z',3,89.13337527848023
'2018-07-24T08:19:16.258Z',7,146.6713209944893
'2018-01-25T18:42:24.552Z',7,116.9309225
'2018-01-12T04:27:58.799Z',6,149.37046084879168
'2019-11-11T06:33:33.961Z',4,97.17733309813401
'2018-01-30T13:11:57.621Z',4,76.17176505737706
'2019-02-27T22:00:54.957Z',2,54.731667100510556
'2017-01-25T10:41:12.932Z',7,29.69557453035555
'2017-01-24T16:52:16.557Z',1,96.83935110460361
'2019-04-03T19:06:43.441Z',5,134.47434900765455
'2020-01-07T15:11:40.779Z',5,114.9605799224911
'2017-03-21T23:45:31.323Z',7,88.34554705824826
'2019-06-30T12:47:12.596Z',3,123.16401415174788
'2019-10-22T10:59:01.488Z',6,112.05846227090319
'2017-09-04T21:11:08.860Z',7,60.85364891611477
'2017-10-23T09:37:05.802Z',4,80.33705259
'2018-02-02T08:49:52.376Z',7,78.8030568
'2017-08-09T21:35:36.296Z',1,88.18694823661755
'2019-11-10T14:49:02.855Z',1,54.28734480336259
'2018-06-17T09:11:02.881Z',8,62.35563512845567
'2019-04-17T22:53:10.432Z',7,93.19545442781772
'2016-09-02T11:28:00.665Z',5,47.636682179326144
'2017-10-01T04:37:41.158Z',3,38.45014565821975
'2020-03-09T00:02:12.861Z',7,77.34158210603564
'2017-10-21T09:15:32.842Z',2,43.972105983306434
'2020-01-19T11:30:33.280Z',7,71.98363871911158
'2020-01-09T15:44:54.712Z',3,115.47256080520707
'2018-04-10T21:26:19.545Z',5,66.68621694629269
'2017-11-04T12:21:43.257Z',8,44.76123925296201
'2017-03-31T04:02:28.029Z',4,28.07647277353005
'2019-11-23T21:24:02.855Z',1,42.38055274976153
'2018-10-01T08:05:18.022Z',4,87.28272820613454
'2017-11-11T07:15:16.871Z',5,39.400730328304846
'2019-03-13T13:04:55.788Z',1,52.902401027369315
'2020-03-13T15:12:39.599Z',7,94.84145536267711
'2020-01-26T11:51:52.849Z',8,98.42964653576375
'2017-05-16T22:50:12.578Z',4,65.79636438493507
'2017-01-29T16:28:20.346Z',1,51.30043948531341
'2019-09-06T23:15:37.746Z',6,137.74144106196482
'2017-09-25T15:08:36.876Z',3,62.92556815584435
'2018-07-31T09:04:07.176Z',2,113.50757983665162
'2018-09-10T02:05:33.136Z',8,31.780138215259786
'2017-10-02T00:48:11.506Z',3,36.401419725296435
'2020-01-10T01:04:18.508Z',7,35.202025245962425
'2019-08-30T14:46:51.375Z',3,96.51110679656743
'2018-10-23T15:32:02.448Z',5,99.99989097470055
'2018-04-11T03:03:19.379Z',1,46.412937603602515
'2019-03-13T05:45:40.246Z',5,124.63348866405079
'2020-01-15T14:33:03.572Z',7,121.52370490413361
'2018-07-20T09:02:42.393Z',6,147.97602811734785
'2018-05-25T14:23:13.192Z',1,55.69558976358662
'2019-08-21T15:25:38.461Z',8,114.39885752538888
'2020-04-06T22:34:59.459Z',5,71.86558659825351
'2020-02-24T16:19:55.721Z',1,103.47380176395791
'2018-06-19T15:19:58.292Z',1,50.888868247831745
'2020-03-22T01:18:14.397Z',6,38.013689151780085
'2018-11-29T22:13:06.591Z',1,113.79734924051515
'2018-05-05T10:15:02.175Z',6,30.94711391068287
'2017-09-09T12:17:03.255Z',3,48.812526109042714
'2016-11-19T16:54:33.360Z',2,56.49615878817364
'2017-01-09T14:39:17.371Z',1,82.08917768066334
'2019-12-22T21:29:49.295Z',8,145.40401750364566
'2017-12-26T02:27:14.317Z',4,45.295989048697926
'2018-11-26T18:35:40.071Z',8,96.99344640320004
'2019-10-22T08:48:36.099Z',5,123.96037025432813
'2017-09-22T20:05:27.349Z',4,47.07226780470778
'2018-11-26T17:19:28.899Z',7,162.91303687231218
'2020-03-12T06:25:25.552Z',6,131.08633892753443
'2017-11-23T22:42:51.751Z',2,85.03476145583863
'2020-03-28T16:07:07.941Z',2,73.47326449702882
'2019-05-21T18:19:46.650Z',7,123.20971264351441
'2018-09-09T13:35:05.430Z',5,70.88088267
'2018-07-26T14:56:03.624Z',3,99.38001174
'2019-05-29T19:36:29.451Z',4,136.4758158596753
'2018-09-25T17:06:34.237Z',4,61.57056467527242
'2020-03-02T07:39:51.974Z',4,78.48637874318972
'2019-08-26T12:27:51.086Z',4,56.28192774359362
'2018-03-19T08:01:59.578Z',7,36.22385066846856
'2018-10-08T00:42:48.970Z',7,42.33448322824063
'2017-12-29T00:06:49.404Z',5,93.05173018448203
'2019-11-02T17:14:45.232Z',6,86.24495652
'2019-11-10T15:04:26.646Z',5,51.824758659082455
'2019-06-03T15:24:17.024Z',2,137.96578583803202
'2017-10-10T08:27:21.445Z',4,33.917927194703374
'2020-01-27T01:15:41.614Z',5,58.66242202030999
'2018-06-07T22:45:16.021Z',6,111.20166379064135
'2019-10-17T13:31:13.892Z',7,161.80990647232838
'2017-08-20T14:36:44.508Z',4,27.561217707629183
'2017-04-14T09:47:53.073Z',2,21.205068057528603
'2017-08-11T05:08:04.143Z',1,80.00251617677081
'2019-10-09T14:56:40.756Z',1,132.17973505596066
'2017-05-30T14:20:52.487Z',4,43.62125775977298
'2019-04-28T03:04:47.207Z',8,108.82370627143057
'2018-02-06T09:33:20.740Z',8,132.60531749172497
'2020-01-25T20:36:42.609Z',8,49.72732800942086
'2018-11-28T03:50:19.170Z',6,124.54329933314874
'2018-06-01T19:39:08.915Z',3,128.00974286522356
'2018-03-15T15:26:06.755Z',8,33.00356209738762
'2019-09-01T15:08:38.899Z',4,85.00182833630909
'2019-04-02T02:20:59.410Z',8,60.00551078
'2018-04-06T15:27:19.029Z',1,113.92042098351521
'2018-08-18T08:20:29.065Z',5,68.27054904824001
'2017-12-08T17:20:03.006Z',7,74.19612370629724
'2018-02-21T00:34:51.031Z',5,94.57541633908309
'2019-01-04T18:37:11.129Z',7,63.27042024931278
'2020-02-02T15:47:14.239Z',2,73.14823260291126
'2018-11-30T12:14:28.498Z',1,150.12385403394848
'2018-01-28T06:56:22.547Z',3,69.24263217487717
'2019-09-29T21:37:00.628Z',7,106.20827288604413
'2017-06-23T14:37:47.614Z',7,77.84596338465536
'2019-12-25T09:22:35.269Z',6,164.03775878059807
'2018-06-26T21:11:39.758Z',7,58.99053366524348
'2019-09-23T23:13:40.821Z',3,57.23969419443079
'2018-01-11T04:30:32.121Z',4,135.9321260522404
'2017-09-25T11:46:18.087Z',5,28.69540703616968
'2018-08-06T07:05:22.237Z',5,70.74619863554531
'2019-03-21T01:50:45.175Z',4,147.20871810798985
'2017-08-04T03:02:28.332Z',3,32.81693381813655
'2019-07-13T16:22:06.843Z',1,94.08889888271725
'2019-04-06T07:50:03.572Z',6,137.9379089948488
'2020-02-17T01:09:00.082Z',3,82.05768107609478
'2020-02-05T19:21:32.580Z',3,168.65404343052248
'2019-10-29T01:50:15.855Z',3,80.38494505
'2018-10-18T00:35:15.716Z',5,120.1148776606254
'2018-12-20T16:04:16.476Z',5,144.11168302763824
'2018-02-04T00:02:14.227Z',1,66.46047352034174
'2018-12-30T05:36:04.204Z',5,53.47249830044366
'2020-01-13T23:46:08.704Z',1,35.277073959893634
'2018-12-03T02:26:22.557Z',4,96.54737905936574
'2020-01-21T16:59:44.354Z',8,117.77279857401363
'2016-08-06T15:34:24.541Z',8,80.94264053346556
'2017-11-17T08:25:41.503Z',7,32.567979708780605
'2019-03-14T18:46:12.422Z',5,69.78803010499583
'2020-04-03T01:44:42.401Z',8,158.56138349093757
'2019-04-14T04:44:04.631Z',6,105.16261268190937
'2017-02-13T11:19:54.316Z',8,42.00293307
'2017-12-19T07:19:23.431Z',1,75.96276784306913
'2019-05-27T11:58:12.314Z',8,86.86698243458525
'2017-08-12T08:36:29.766Z',6,84.56115970040469
'2018-01-22T14:38:49.449Z',2,152.67155981359812
'2019-11-24T20:58:27.460Z',7,61.63259643813121
'2017-02-16T14:47:57.698Z',1,63.34556696586197
'2020-04-16T12:47:08.022Z',7,103.3776587
'2018-04-21T09:01:14.446Z',1,38.38433178247596
'2018-02-15T22:04:38.789Z',7,48.90274230509261
'2019-07-27T21:19:54.791Z',2,153.60854597383369
'2020-02-02T18:31:05.138Z',5,127.14604692970028
'2016-10-24T21:14:37.203Z',3,69.24745474784221
'2016-09-09T20:30:18.806Z',3,83.84378819892645
'2018-10-15T21:24:18.743Z',2,47.84627146101244
'2018-09-09T01:50:40.850Z',6,60.69287587624441
'2019-06-13T21:28:50.544Z',2,38.70011513
'2017-06-02T16:00:08.878Z',8,83.19681197150582
'2018-12-17T13:03:44.078Z',8,54.47044046951855
'2017-02-17T08:42:12.002Z',2,39.584100592536814
'2018-07-25T22:34:38.886Z',1,79.03380667
'2018-01-04T00:58:37.873Z',1,128.30332576067252
'2018-10-02T17:07:20.810Z',4,126.43734283080948
'2019-08-29T18:12:24.278Z',1,128.49258711681614
'2020-03-09T05:44:58.760Z',4,44.55270175309578
'2019-06-12T04:43:44.013Z',7,96.69468604308089
'2018-11-13T16:26:42.933Z',5,70.83894479396162
'2018-05-08T16:27:46.180Z',5,116.08236982358015
'2017-11-12T13:17:19.786Z',3,63.15980412
'2018-06-10T10:57:53.151Z',5,77.50802619438183
'2016-12-12T11:47:31.771Z',7,34.587099719555304
'2018-12-11T15:31:04.351Z',7,134.21606749784468
'2018-01-19T03:01:31.606Z',8,127.50768740115417
'2019-02-02T14:56:06.873Z',8,80.89960352
'2018-12-13T04:23:29.970Z',5,139.1706944
'2016-08-17T15:38:02.429Z',2,85.64800319506537
'2018-10-30T10:45:30.628Z',7,79.13193192682917
'2019-02-17T07:37:28.492Z',4,64.67422185731454
'2019-12-05T06:18:19.900Z',8,90.48056212218187
'2017-07-03T06:59:56.564Z',8,53.73020671341641
'2017-10-31T08:54:53.953Z',1,95.35549896966965
'2019-02-08T15:47:10.366Z',2,29.377053724534754
'2017-11-16T13:15:03.901Z',1,38.60668059215421
'2017-01-17T20:34:46.656Z',5,100.54925234102758
'2019-03-18T01:20:30.485Z',7,104.74891170610938
'2018-01-25T04:31:01.698Z',5,69.56134450528398
'2018-08-14T23:55:54.927Z',2,105.0720514741837
'2018-05-18T10:20:14.068Z',6,77.01602003169256
'2019-04-20T17:55:34.919Z',1,152.24169770827652
'2017-11-13T21:48:27.204Z',1,56.84335459382097
'2018-12-31T15:56:16.500Z',5,137.51010582702764
'2019-05-20T17:52:53.125Z',2,89.93532796044506
'2017-12-06T06:35:29.257Z',2,47.30773087257784
'2018-01-15T02:20:22.269Z',1,152.4033513114224
'2019-06-08T15:19:21.943Z',2,140.04227439407492
'2019-01-01T13:56:14.350Z',8,127.47178679973486
'2017-02-06T12:01:09.950Z',5,48.38957199
'2018-09-20T09:36:08.116Z',6,136.31838012956243
'2017-10-23T21:36:20.154Z',3,98.75996266007685
'2018-06-03T22:40:09.721Z',8,50.41219355777421
'2020-02-03T04:14:34.180Z',6,71.89257684539176
'2017-04-29T19:12:10.122Z',2,60.71534767
'2020-03-30T23:24:48.813Z',8,113.02771010248672
'2019-01-01T03:36:16.231Z',8,121.14742519104631
'2018-04-26T15:33:38.459Z',5,135.9174209342302
'2019-09-24T15:55:26.386Z',3,94.47606217558955
'2020-01-14T01:33:25.304Z',2,93.84005682063824
'2019-04-12T03:40:45.077Z',5,121.04918042656924
'2019-12-08T17:22:16.754Z',2,111.95938201850592
'2020-01-27T05:57:03.745Z',4,141.52261592916017
'2018-12-28T08:51:42.288Z',3,78.28772398428687
'2018-11-22T09:23:43.772Z',7,46.34937590033012
'2017-08-29T19:31:42.087Z',7,75.4387009
'2018-04-20T10:15:55.565Z',8,124.6797008611184
'2017-01-10T04:51:14.774Z',6,83.27655524723197
'2018-10-02T07:35:36.067Z',1,100.62823486701275
'2018-07-20T23:42:10.589Z',1,102.14187113652997
'2020-01-13T12:51:18.349Z',5,67.38499096114397
'2019-11-29T08:20:28.650Z',3,119.00599874202405
'2018-08-12T11:06:38.446Z',1,53.815897213316084
'2019-11-28T09:35:03.640Z',8,128.5038953349828
'2019-01-21T07:21:00.914Z',1,138.0337700437195
'2016-12-21T19:59:14.791Z',5,50.33799280485725
'2017-07-20T14:26:02.182Z',6,23.150856223366073
'2018-05-01T18:36:50.375Z',8,52.00135490261609
'2019-05-04T20:25:58.529Z',8,56.57693784998972
'2019-03-16T08:35:20.141Z',3,52.191011307996504
'2019-11-14T18:13:08.077Z',1,58.87322956415138
'2017-09-28T07:02:19.513Z',3,74.33744013320253
'2019-07-30T16:20:06.123Z',5,59.067475905153835
'2018-12-09T09:07:36.069Z',3,133.6399901923011
'2017-10-10T02:37:40.220Z',8,46.87753698330384
'2018-09-26T06:13:45.278Z',3,37.601423724878224
'2018-04-28T13:37:50.892Z',5,92.42390022
'2017-07-20T21:15:35.567Z',4,56.34415961882793
'2019-08-10T21:02:21.193Z',3,107.1136921313909
'2018-05-16T01:58:27.676Z',5,41.07496667727836
'2019-06-22T11:23:54.631Z',7,58.77017316270245
'2018-10-09T05:21:08.114Z',1,73.46969289127615
'2019-07-27T16:39:43.452Z',7,99.65226744998091
'2019-06-29T01:13:06.073Z',4,122.82078963457343
'2017-01-11T00:23:35.570Z',5,101.7439784379291
'2017-06-17T09:24:21.841Z',1,54.09709398427129
'2017-07-10T15:38:30.018Z',3,73.15002651097339
'2018-02-01T23:48:14.438Z',2,136.98198713492377
'2018-03-25T01:21:24.157Z',7,96.50908674421743
'2020-01-05T18:42:36.511Z',2,49.918171203844516
'2018-07-05T23:39:08.401Z',3,141.27707198154454
'2019-04-29T12:33:07.608Z',2,122.19220610709716
'2019-07-05T05:40:21.354Z',5,35.506585739154886
'2018-03-23T02:27:49.233Z',2,52.87260421325931
'2017-03-18T05:25:41.613Z',3,43.795528109109654
'2019-06-18T11:50:10.458Z',7,115.18256091947987
'2019-09-06T20:14:20.359Z',1,142.7863370061141
'2020-01-13T06:11:38.679Z',3,127.01452394967218
'2019-11-03T08:38:43.564Z',3,99.80755133198981
'2019-08-12T11:47:31.266Z',7,128.57844980569908
'2019-11-25T22:35:34.789Z',2,135.75815927746214
'2018-08-14T13:11:06.149Z',3,114.54826216747652
'2017-05-30T09:40:00.087Z',8,84.3163415
'2019-08-16T11:22:42.726Z',4,129.3579046
'2017-01-23T04:29:52.238Z',8,84.72566066
'2019-10-03T15:05:23.814Z',8,74.34704534055273
'2019-02-26T08:31:37.399Z',2,85.11937023864287
'2017-06-24T01:50:27.529Z',7,57.482120502366065
'2018-10-27T18:23:03.156Z',8,115.5866502483768
'2019-04-19T00:39:28.527Z',8,95.54860678552106
'2018-08-04T22:36:37.792Z',2,47.19778555398772
'2018-05-30T04:01:10.314Z',7,131.5985979185571
'2017-06-07T11:53:10.636Z',4,98.18501559448347
'2018-03-20T17:02:38.971Z',6,51.47412026298348
'2017-08-24T03:52:02.187Z',3,114.56123336118173
'2018-07-07T18:15:06.359Z',4,97.50318154637436
'2017-01-31T07:56:15.529Z',8,41.22747322237725
'2018-01-20T23:37:28.005Z',6,148.33518617722987
'2018-06-24T07:00:25.873Z',3,46.330227517547804
'2018-06-20T08:39:37.984Z',4,53.66355835988598
'2018-11-02T02:26:56.690Z',5,72.42654203950701
'2017-12-11T19:41:56.173Z',7,64.64732399213881
'2019-01-03T23:18:29.681Z',7,34.04972434344064
'2020-03-04T03:13:20.689Z',7,44.80112938014476
'2019-01-11T08:30:54.146Z',1,68.26483189674691
'2019-01-07T22:29:42.212Z',3,127.76473300862143
'2017-03-08T17:24:46.765Z',3,90.75217876
'2017-05-09T11:53:42.482Z',3,84.10552265
'2018-01-24T13:18:03.806Z',4,50.52624358950455
'2016-12-30T20:33:35.184Z',8,70.95732256507097
'2020-02-11T03:16:59.414Z',3,44.381592815151244
'2017-12-18T04:18:22.879Z',7,42.08174680553706
'2018-09-26T18:04:49.920Z',6,79.79428818106813
'2019-01-16T13:53:57.914Z',1,58.60582505
'2019-05-24T16:57:55.299Z',5,75.66462132009575
'2019-03-10T09:58:32.435Z',8,57.764340999246116
'2018-05-12T09:43:58.079Z',4,74.18328672831971
'2017-01-09T17:42:04.421Z',2,52.32490945813386
'2019-05-30T21:13:54.870Z',5,117.4271479208049
'2020-03-06T10:07:26.081Z',1,90.09085465590569
'2017-07-21T23:16:15.752Z',1,77.74574800552483
'2017-05-12T08:43:53.239Z',2,23.14302593952077
'2018-06-26T16:07:31.900Z',5,135.4503201912728
'2017-04-07T04:12:22.538Z',7,89.95715232097933
'2018-08-22T06:09:56.229Z',7,34.441063762118056
'2018-01-01T02:37:58.590Z',5,121.41399891713561
'2018-07-05T02:41:52.841Z',6,67.09989282578304
'2017-03-12T07:44:34.057Z',8,73.59236414
'2017-09-10T04:06:22.829Z',2,25.442691658433215
'2020-03-08T07:39:23.669Z',4,135.6371859719158
'2019-10-14T07:07:03.500Z',7,121.86484929308553
'2018-02-09T08:55:11.990Z',8,118.94531104559884
'2018-05-27T02:27:26.928Z',5,59.06048508253532
'2019-08-22T20:10:08.448Z',8,106.89388178358497
'2019-09-18T03:14:42.994Z',6,118.37466839121937
'2017-01-22T13:27:44.773Z',1,19.915749027760672
'2016-12-04T05:00:22.203Z',1,84.57613792108273
'2017-08-21T18:05:23.315Z',3,27.574239640255783
'2020-01-20T15:36:35.851Z',1,67.55441326540753
'2018-09-17T14:48:38.456Z',4,112.56854823768967
'2020-01-29T20:31:21.249Z',2,139.25088087786614
'2019-11-21T05:27:00.798Z',6,51.038606950665304
'2017-02-19T04:05:20.331Z',6,37.34134469080684
'2019-12-18T04:24:26.969Z',6,69.64092935922247
'2018-12-19T03:49:34.996Z',5,115.95180355707538
'2018-08-01T01:31:36.031Z',3,62.91553431199607
'2019-02-09T20:52:29.862Z',7,38.21142668993534
'2019-12-23T08:42:51.744Z',1,78.97175080860227
'2018-08-31T07:53:16.186Z',6,150.20881173436948
'2018-04-15T21:39:19.447Z',6,117.27338088648918
'2020-03-25T01:01:37.855Z',2,86.14328446640314
'2019-08-29T04:30:40.517Z',8,163.30498589379803
'2019-08-02T05:27:10.063Z',2,72.27446477
'2017-12-09T15:06:20.390Z',1,50.56133443128352
'2019-11-07T19:26:09.005Z',3,144.7077929314929
'2018-11-13T04:53:37.676Z',3,141.8911824128454
'2020-03-10T08:04:24.808Z',4,76.92779285596022
'2019-02-04T06:36:47.280Z',6,134.1192620291781
'2020-01-23T03:40:25.639Z',7,67.18598752
'2018-06-29T21:33:15.573Z',4,71.52578196400371
'2016-12-25T01:58:49.127Z',5,80.18650392472281
'2019-01-07T19:19:09.747Z',3,69.12838010084388
'2016-10-08T04:53:33.728Z',8,58.126655675076236
'2019-07-21T19:12:44.666Z',1,88.32257247423298
'2019-09-01T19:20:11.195Z',4,44.181336107761744
'2019-05-25T10:33:31.729Z',8,75.56278426681507
'2018-02-10T07:18:08.109Z',2,55.82621040577939
'2018-07-13T17:24:02.864Z',3,85.33072938315463
'2018-05-18T19:44:07.388Z',6,115.2064990610825
'2018-09-03T09:35:42.625Z',7,141.7300078243415
'2019-12-11T23:31:03.183Z',2,39.74338050973812
'2019-08-25T05:11:01.953Z',6,45.11769930032296
'2019-06-06T05:22:02.510Z',5,148.65013286762826
'2020-02-02T16:21:12.399Z',1,56.494886345604584
'2020-03-02T10:45:03.106Z',6,140.2852132006272
'2019-05-30T15:35:33.034Z',4,127.02300228518008
'2017-12-17T21:19:12.436Z',1,67.62922734861479
'2019-01-07T11:16:08.206Z',5,74.05577042723601
'2018-08-06T22:36:35.245Z',7,75.16006756795593
'2019-05-21T17:36:23.753Z',6,84.73847310177126
'2018-02-13T13:54:27.716Z',3,132.60116785142918
'2019-12-04T20:53:21.135Z',8,63.18205122584132
'2019-01-29T17:13:39.783Z',7,70.01249367894593
'2019-12-23T06:57:16.341Z',6,106.22689422176775
'2018-08-04T14:53:39.492Z',6,45.63772438849648
'2018-08-13T07:13:35.778Z',8,128.41287602371963
'2019-10-04T20:03:55.665Z',2,79.33093297339053
'2018-12-04T17:20:17.057Z',3,114.24298785169914
'2019-11-21T05:39:11.851Z',6,61.23869493332558
'2018-10-20T20:25:37.788Z',2,61.07186816
'2020-01-03T04:37:25.857Z',4,62.89621907165194
'2018-11-11T10:26:44.476Z',5,130.96772794888165
'2018-11-09T12:15:33.523Z',6,136.33390085465365
'2019-04-27T18:39:43.720Z',1,108.80824108477435
'2018-04-03T14:12:23.501Z',1,139.82356929234092
'2018-04-11T21:24:24.629Z',3,68.45458734155106
'2017-05-04T22:44:26.137Z',6,87.03870394021106
'2019-06-08T00:38:38.081Z',4,51.61912899953403
'2017-03-29T22:49:13.727Z',8,34.24911515027712
'2020-03-27T16:55:12.077Z',3,123.95248117587825
'2018-04-22T14:53:03.227Z',4,142.06964847363855
'2019-08-05T18:34:32.828Z',8,137.6733076016573
'2019-05-24T10:48:58.468Z',8,129.12044024375115
'2019-11-18T02:35:51.256Z',5,67.19335542342397
'2018-01-04T05:44:35.186Z',8,53.99533410583913
'2018-02-15T01:47:00.531Z',1,43.41741845465376
'2019-10-22T21:02:45.140Z',7,135.5501637942927
'2019-11-27T11:53:43.107Z',7,43.958868143746095
'2019-12-04T00:03:09.816Z',7,58.042841176705686
'2016-11-16T01:50:52.674Z',3,82.46832533438793
'2018-02-09T03:01:15.284Z',4,65.02327665
'2019-03-02T21:12:29.395Z',2,51.818125039057534
'2019-01-07T20:00:49.949Z',6,92.50734707611275
'2019-06-17T23:29:40.886Z',6,81.62690886212842
'2016-05-21T01:25:54.423Z',5,57.757084978849306
'2017-09-24T06:30:47.444Z',8,41.111635440693505
'2019-01-25T17:46:22.263Z',5,146.59992152925838
'2018-12-15T11:14:34.853Z',5,27.287580974339477
'2019-06-23T03:45:19.272Z',8,40.04250956289287
'2017-03-21T08:51:42.419Z',8,37.02160016410724
'2019-01-04T10:50:03.564Z',8,63.96669848700118
'2019-09-10T09:18:37.841Z',7,42.00368382793569
'2017-08-12T00:44:20.800Z',7,104.76676970455576
'2020-02-09T09:27:51.657Z',2,78.41496427631421
'2017-10-12T23:07:09.975Z',8,83.14349182725282
'2018-04-26T08:45:46.313Z',7,122.07378258977188
'2020-02-22T23:01:51.373Z',3,74.99294078192497
'2018-03-04T12:08:05.913Z',3,66.59089026097556
'2018-02-06T08:39:08.844Z',4,58.871899268788404
'2019-10-07T11:45:50.367Z',4,95.91573461494308
'2019-04-07T19:25:30.197Z',4,151.98126409034245
'2019-09-19T20:16:32.473Z',7,83.89391909830891
'2017-07-15T07:56:14.826Z',6,27.95574923696405
'2017-12-26T21:16:26.036Z',4,75.81501615992305
'2018-12-11T11:52:31.659Z',1,37.86688733
'2019-08-23T09:15:59.448Z',2,101.75832475847223
'2020-04-18T21:57:09.873Z',3,59.73899332428517
'2017-07-06T19:36:33.805Z',7,56.09866388019923
'2018-02-15T05:14:17.590Z',2,53.012604173661224
'2019-01-27T17:05:11.869Z',2,69.68577785
'2018-11-06T06:13:13.887Z',2,76.35258364535544
'2017-03-30T12:01:10.316Z',4,75.38560406115603
'2019-04-08T22:54:05.632Z',3,65.75984724
'2020-02-26T15:36:18.611Z',1,117.23639099522887
'2018-03-10T07:29:41.449Z',1,81.98761200921913
'2017-07-05T19:23:30.125Z',4,59.619622506683804
'2020-04-11T01:32:30.467Z',8,52.83743124398743
'2017-07-13T19:58:02.952Z',3,33.38206643041745
'2019-04-22T23:22:07.559Z',1,114.88885872327872
'2020-02-27T10:25:02.218Z',1,36.80431766619386
'2019-08-18T04:19:24.664Z',6,72.56941122131937
'2019-11-22T01:43:49.172Z',3,126.52744915375075
'2018-02-06T12:00:14.852Z',5,64.82993915439401
'2019-09-02T19:37:21.276Z',1,109.46233247178004
'2017-11-24T23:02:50.809Z',2,31.367285561113658
'2020-04-07T20:29:25.448Z',8,127.2653920237964
'2019-07-26T16:49:55.983Z',3,133.87582826617586
'2019-04-30T17:26:38.664Z',5,126.4019879911707
'2019-10-18T12:47:59.707Z',7,134.52051095348992
'2019-08-11T23:07:21.891Z',6,35.58948874
'2018-12-25T07:05:34.334Z',7,118.05968508935251
'2018-04-03T01:13:13.450Z',6,128.6861996705015
'2020-03-12T23:51:04.349Z',4,87.62555451764618
'2018-01-10T12:55:40.845Z',8,38.33681078537338
'2019-02-11T00:23:02.444Z',2,75.83080581221195
'2017-09-11T06:12:21.732Z',5,38.56069160206603
'2020-04-05T10:08:53.694Z',4,142.8866046720485
'2017-03-18T00:08:26.140Z',8,42.41630784678281
'2017-08-30T11:17:51.453Z',2,67.45156057903249
'2017-04-18T17:23:22.730Z',2,80.26413106823559
'2019-01-22T15:15:14.694Z',1,54.69326248927111
'2019-02-08T22:45:27.402Z',4,127.27681122039529
'2019-05-19T09:01:24.142Z',1,70.51509170028402
'2019-08-18T13:49:57.925Z',1,71.00297496548842
'2019-07-22T20:52:21.704Z',6,139.39836568687033
'2019-02-07T08:23:24.414Z',2,66.29852163783072
'2019-02-03T21:12:44.541Z',4,147.10439346742436
'2017-10-19T15:42:04.647Z',6,83.63855298808886
'2017-03-03T20:22:26.113Z',4,26.475891534042336
'2019-01-08T22:31:22.859Z',7,143.52492424403545
'2018-12-31T02:07:48.473Z',7,44.79882687050472
'2020-02-03T16:33:28.532Z',8,143.40495070556662
'2017-12-21T19:50:49.986Z',6,72.51221776
'2020-02-15T01:18:36.751Z',8,66.38746196
'2017-10-21T07:20:05.744Z',3,24.84021066646016
'2019-10-21T02:16:14.632Z',5,78.53245646543581
'2018-08-11T00:30:55.038Z',5,68.83807502658922
'2020-01-19T06:41:38.867Z',5,108.16878144721603
'2019-08-15T10:02:21.953Z',3,130.1307585936557
'2019-06-26T19:19:35.124Z',7,76.6984966
'2019-08-21T08:51:11.535Z',3,49.30877640039866
'2017-12-30T20:27:38.997Z',4,32.70865551637033
'2017-09-26T17:19:13.970Z',1,53.42624828321856
'2019-05-24T17:52:07.349Z',6,50.400024043454614
'2020-04-13T05:06:51.915Z',8,45.40806858382039
'2018-06-12T03:10:24.614Z',3,64.71558984686531
'2018-10-19T14:29:12.500Z',6,75.12356888348137
'2019-03-10T09:54:38.374Z',2,111.05324083071491
'2019-11-01T10:00:15.203Z',2,109.78989436822687
'2018-05-01T00:12:12.510Z',3,114.39373620982403
'2018-02-05T09:44:41.426Z',8,134.13469781821507
'2018-09-07T10:30:46.167Z',7,111.93898301324364
'2019-03-26T06:27:58.536Z',2,83.46239378940676
'2016-12-24T03:18:25.468Z',3,39.764665394556836
'2017-09-08T02:12:55.092Z',3,97.95261148853426
'2020-01-13T11:01:33.484Z',2,146.71644748685162
'2018-03-28T07:53:33.876Z',4,87.81562999713815
'2019-01-15T23:33:50.354Z',1,100.43064378052368
'2019-12-07T13:46:56.184Z',5,78.09170151407996
'2020-01-27T04:58:26.800Z',4,136.4432517061022
'2016-07-19T09:38:12.915Z',7,81.18238603560891
'2019-10-03T07:13:50.169Z',4,29.812895062507003
'2019-02-02T04:29:25.285Z',4,40.163008485294434
'2019-11-29T19:25:37.961Z',3,123.36273798728429
'2019-04-16T05:19:30.630Z',7,49.64550414453162
'2018-10-13T10:44:47.878Z',5,89.37911532199935
'2018-05-20T15:03:25.518Z',2,123.67849675567871
'2019-03-30T21:23:02.260Z',6,36.57737515014674
'2019-08-11T13:42:48.434Z',5,123.68263753160649
'2019-06-22T22:51:10.771Z',5,73.01536215565173
'2016-06-11T16:55:44.546Z',7,32.95180398338489
'2019-11-28T07:36:37.151Z',1,76.89789427462743
'2019-03-22T00:43:42.430Z',2,83.29954581
'2018-10-27T00:07:53.880Z',2,68.50977429
'2019-09-29T02:46:40.206Z',2,58.036335416972506
'2019-12-31T20:49:49.918Z',7,73.60910612376072
'2019-06-25T21:43:15.688Z',5,59.43784274777366
'2018-01-13T03:42:21.009Z',7,124.23626538575542
'2019-11-21T07:52:59.929Z',8,51.96277345472672
'2019-09-20T17:20:45.628Z',6,43.10120323640646
'2018-07-18T07:17:00.830Z',8,61.65307367016724
'2019-06-16T21:43:29.875Z',8,60.30713769124637
'2019-01-01T22:37:47.574Z',4,59.515845117410045
'2017-03-21T01:41:23.397Z',7,50.58470771852245
'2017-10-08T04:57:15.370Z',1,93.01186767032227
'2017-05-20T04:16:25.354Z',3,39.44818893812412
'2017-09-20T12:22:17.836Z',4,39.21426452132636
'2019-02-07T00:59:28.506Z',1,141.20800511308124
'2019-11-28T00:38:32.033Z',1,58.76504285
'2017-01-08T03:33:20.671Z',1,49.26938169721922
'2018-10-06T14:42:36.154Z',5,135.64575993923327
'2019-11-14T14:10:51.422Z',7,136.55344389209048
'2019-10-27T18:22:25.754Z',3,127.70816215906791
'2017-12-26T10:24:28.129Z',7,56.079651492329695
'2018-10-07T05:37:41.271Z',5,41.035705325888934
'2019-01-08T08:03:45.950Z',5,112.7693264045911
'2019-11-12T03:05:45.128Z',2,109.30083931433552
'2019-01-07T06:22:56.402Z',7,71.22250064
'2019-11-22T01:36:46.690Z',8,79.04756858242935
'2018-09-02T04:07:49.073Z',1,123.80384438729057
'2019-07-12T16:06:12.013Z',1,47.121233812651376
'2019-01-21T23:35:10.373Z',8,146.52003839574212
'2020-02-24T19:03:16.473Z',2,149.68428303846693
'2016-11-07T11:58:02.335Z',7,59.29666642092627
'2019-04-16T19:18:34.771Z',8,120.1314565872895
'2020-03-24T14:00:59.783Z',3,148.68569856935488
'2019-07-08T06:07:51.373Z',2,115.09182307371356
'2019-01-10T17:38:20.016Z',8,36.625515415656636
'2018-07-25T23:22:08.013Z',7,107.0579618571504
'2016-08-09T23:14:45.131Z',3,79.12593814706645
'2018-05-03T03:05:35.078Z',1,52.10616067093185
'2018-11-02T23:15:41.279Z',3,119.79230142001032
'2018-10-11T22:26:41.599Z',1,151.20959096933026
'2016-09-14T22:01:38.312Z',2,95.78947298976503
'2019-06-18T22:08:37.192Z',3,148.4387579684857
'2018-08-02T21:22:15.712Z',6,116.03692840585462
'2016-08-26T14:10:27.488Z',2,28.431343630381274
'2018-08-02T11:46:04.812Z',6,75.55015186696457
'2017-01-18T14:31:12.628Z',1,92.49936031975385
'2018-11-26T22:15:28.036Z',7,71.83197730153798
'2018-07-14T07:54:08.430Z',2,75.55510649923382
'2020-04-02T06:47:51.484Z',6,47.91364817395826
'2019-09-23T23:52:20.533Z',7,141.20589027857358
'2017-03-20T13:03:56.961Z',7,26.364754826250643
'2016-09-13T10:58:52.886Z',2,52.34126547800595
'2017-07-30T01:19:29.571Z',4,84.71601879325918
'2019-03-05T17:53:14.134Z',1,55.288070987319166
'2017-04-26T22:25:26.861Z',7,36.16399333234092
'2017-05-28T03:12:03.429Z',3,54.47047944447179
'2017-04-24T20:32:36.158Z',1,79.88929507908165
'2018-04-05T03:47:58.338Z',8,65.34544212032448
'2017-10-04T10:51:17.218Z',3,53.069173486069886
'2016-08-06T10:50:48.085Z',1,38.49857011
'2018-09-10T22:44:08.389Z',2,121.64520590435816
'2019-02-25T15:32:58.413Z',1,56.014595071592325
'2019-05-30T20:39:56.859Z',8,54.680631794821565
'2019-11-13T09:54:34.748Z',6,139.1960107101461
'2017-11-26T22:40:15.393Z',5,48.559089875568404
'2019-02-16T07:28:42.312Z',4,123.63414255301203
'2020-03-21T19:23:39.348Z',5,75.34725989236672
'2018-12-09T05:13:43.162Z',3,36.82064672342509
'2017-02-05T06:06:46.486Z',1,24.623510242869468
'2019-11-20T19:18:12.291Z',1,113.96142798075341
'2019-05-11T10:10:25.752Z',1,96.94670898597055
'2019-04-02T19:33:57.570Z',3,84.92995413130566
'2018-08-29T00:16:12.035Z',2,38.253102571417195
'2020-02-29T05:05:54.647Z',7,106.02425476619888
'2019-12-26T05:52:01.270Z',5,67.49516061938586
'2018-08-03T00:15:13.330Z',2,128.4057733108447
'2019-04-09T19:45:53.266Z',7,123.7453742
'2018-10-30T04:15:14.183Z',7,123.18256839495392
'2018-09-27T04:58:03.039Z',6,62.88002437558273
'2019-02-06T14:06:11.000Z',2,81.33885785369321
'2019-12-16T20:30:18.499Z',8,39.65847630689568
'2018-01-28T18:11:31.935Z',4,108.32616910025344
'2018-09-01T22:14:41.472Z',3,113.42647844700888
'2018-08-21T03:10:19.770Z',6,146.99001869441048
'2017-09-23T13:37:57.312Z',3,96.41627610362544
'2019-02-16T15:01:40.925Z',1,96.58395615
'2019-02-04T07:25:40.068Z',1,59.20278724967097
'2019-01-28T08:07:05.544Z',2,62.265100259991556
'2020-01-06T17:14:36.382Z',5,64.79073256963206
'2020-04-01T07:59:09.620Z',4,88.98026564119806
'2020-04-09T09:19:20.204Z',8,60.69597543630375
'2020-04-02T16:15:49.404Z',4,124.20506526271426
'2019-04-26T12:57:59.756Z',7,119.55865173691227
'2020-01-07T05:16:23.411Z',1,98.86315732110565
'2017-12-06T12:17:27.312Z',7,54.785162936810686
'2017-04-08T18:36:55.207Z',6,39.872988554379305
'2018-05-31T18:36:47.528Z',2,61.98014810241589
'2019-01-27T10:27:16.937Z',2,41.37134850421694
'2020-03-26T03:42:36.903Z',3,121.48170874386003
'2018-10-18T06:27:14.281Z',2,128.0239484370163
'2018-10-21T11:55:29.876Z',5,162.32426922065213
'2018-02-13T17:40:56.209Z',3,35.92275271864134
'2018-07-23T04:14:03.287Z',5,71.48834653270674
'2018-10-21T07:59:53.142Z',8,34.08676996160703
'2017-11-02T21:12:40.292Z',5,53.47451699191747
'2019-12-05T03:23:20.524Z',2,61.76149252034664
'2019-12-18T04:31:09.133Z',6,136.90561489473882
'2018-03-08T21:38:51.119Z',1,58.63119787923479
'2018-07-30T08:33:35.979Z',7,96.46637417382998
'2018-12-02T16:28:05.271Z',1,69.17702575519976
'2019-01-22T02:14:39.307Z',7,86.48827804957077
'2019-05-24T20:12:40.600Z',4,59.07369492915242
'2019-02-16T03:26:07.578Z',1,150.43626198699442
'2018-03-04T19:17:10.621Z',3,134.8221117422605
'2019-01-09T21:50:54.352Z',1,130.92285968460834
'2019-01-04T01:58:08.888Z',1,91.27129013769056
'2020-01-30T02:24:45.677Z',7,49.05991231720647
'2019-07-08T20:32:47.347Z',4,126.73519926227713
'2017-11-20T09:04:45.351Z',3,76.14601709595937
'2018-12-31T16:22:07.786Z',2,49.971364740472815
'2019-10-31T11:36:56.789Z',3,75.58703933145392
'2017-07-06T23:47:41.109Z',1,41.38975121
'2019-10-11T22:07:03.453Z',1,43.33937693094055
'2018-10-12T05:40:45.729Z',4,91.2222518
'2016-10-30T01:49:39.216Z',7,40.864293681380104
'2017-12-19T05:32:59.813Z',7,106.53951800978258
'2020-01-16T18:13:28.161Z',2,104.21459990206469
'2018-08-19T10:38:30.380Z',8,60.48756118455068
'2018-11-24T23:41:07.303Z',2,38.859014453034156
'2019-06-05T01:14:34.502Z',2,56.10072209055794
'2018-07-28T20:59:36.635Z',5,29.18884170851351
'2019-08-11T06:40:11.229Z',7,85.87298243346352
'2018-09-07T22:16:42.294Z',2,75.86058270481549
'2018-04-01T10:09:07.042Z',3,49.72014434647205
'2017-08-21T10:58:59.876Z',7,39.89422797081883
'2020-04-17T00:11:49.891Z',8,75.62791236601751
'2019-07-12T03:33:04.061Z',5,142.8536954279742
'2017-01-11T22:41:36.068Z',3,55.659987101485676
'2019-05-04T05:21:35.292Z',5,76.32100136424526
'2018-10-18T13:55:20.187Z',7,126.18847701317645
'2017-07-04T18:35:48.517Z',5,66.33736875253648
'2019-03-21T06:36:51.310Z',4,40.7716192
'2020-03-29T20:54:55.654Z',6,69.96022610428174
'2016-10-25T20:40:28.660Z',2,33.90754768885733
'2018-02-10T23:44:01.220Z',2,71.16090933750104
'2019-10-01T00:16:17.830Z',8,115.89626465181536
'2018-07-04T19:46:23.462Z',3,58.583224664077825
'2018-03-01T14:16:01.406Z',7,34.25231789890774
'2017-10-22T03:06:02.531Z',6,44.58698617810891
'2020-04-07T12:27:53.526Z',5,30.990314341460095
'2018-09-03T13:56:13.105Z',8,127.5265164617764
'2017-06-23T16:46:58.460Z',2,33.683630041910924
'2016-11-23T15:50:07.442Z',4,67.28121444
'2017-02-22T04:29:51.453Z',6,46.40538453
'2019-09-08T05:19:42.342Z',2,43.52073118583204
'2017-01-07T09:17:34.283Z',3,103.80046555375291
'2020-02-01T10:53:00.441Z',3,67.72565617
'2020-01-23T09:25:20.990Z',2,41.966327916916434
'2018-08-15T22:18:25.516Z',6,35.46116372498709
'2019-04-15T22:23:59.538Z',8,37.6709319
'2019-03-05T01:31:07.099Z',6,96.03288856882497
'2019-03-23T16:48:54.881Z',1,73.77097114946737
'2017-07-04T14:21:12.483Z',2,40.62934147305784
'2017-04-20T19:36:00.081Z',3,56.49318205417111
'2019-06-05T16:18:37.277Z',2,118.8688645138808
'2019-08-22T02:52:55.123Z',2,117.30791759536943
'2019-04-12T09:58:29.128Z',7,83.93998732197535
'2018-12-13T12:07:31.021Z',6,79.45828874683924
'2018-08-05T05:35:30.210Z',7,136.27641440754917
'2019-02-09T21:01:11.458Z',1,45.407301588209585
'2019-11-24T06:47:50.413Z',6,38.26359966044934
'2019-06-18T01:17:52.318Z',8,70.00597061795477
'2020-01-02T18:19:12.448Z',4,114.52742626240808
'2018-05-29T21:26:28.677Z',7,44.99024107
'2018-07-18T07:25:07.132Z',5,73.14198278490579
'2019-10-15T06:21:55.882Z',1,74.39765048
'2018-03-01T21:12:24.187Z',5,67.08001735974786
'2018-05-02T09:31:27.923Z',8,88.66361941987637
'2017-08-21T15:04:41.741Z',2,50.476332863022165
'2018-02-19T10:08:01.734Z',3,81.51994555693344
'2018-07-01T10:14:56.679Z',1,112.93463046478344
'2020-01-09T08:13:16.082Z',5,80.32072126564853
'2019-03-26T17:55:11.618Z',8,136.7552735288997
'2016-12-27T06:01:19.892Z',6,41.16580549950756
'2019-01-10T13:02:35.789Z',5,120.60521607026776
'2017-09-07T11:09:47.043Z',5,76.76521816824537
'2019-08-25T16:56:33.773Z',7,111.2148510060552
'2019-11-15T02:54:06.514Z',3,153.4097803103953
'2018-04-05T16:07:19.927Z',2,52.845519891037455
'2019-03-25T18:15:21.910Z',3,96.11914751711954
'2018-05-27T21:35:03.379Z',7,136.42301711716567
'2016-10-26T04:17:09.764Z',7,31.69129953954716
'2018-11-13T16:41:42.985Z',7,133.73563866104473
'2017-12-28T19:23:45.750Z',1,54.55530684242447
'2017-07-23T01:11:40.816Z',6,65.73526765608088
'2019-03-18T09:35:34.634Z',6,63.28048994279053
'2019-07-05T22:29:26.358Z',4,163.47434331350692
'2020-01-16T07:56:47.293Z',7,119.56792729917846
'2019-08-13T16:31:25.583Z',5,127.69652907118625
'2017-07-22T03:03:04.839Z',2,49.02075063531811
'2019-07-16T03:48:51.890Z',8,41.154964896967805
'2018-12-24T03:18:51.433Z',1,117.56705977706787
'2019-08-04T23:41:04.683Z',1,80.68993668393728
'2019-08-19T22:51:14.174Z',2,60.05628498
'2017-02-27T17:00:24.193Z',8,90.8196594
'2018-11-01T14:09:53.121Z',8,109.25311535252655
'2018-03-15T09:15:30.934Z',1,48.465005092251154
'2019-03-30T07:50:00.283Z',7,106.00300217065805
'2020-04-11T03:14:25.383Z',3,146.8565578093567
'2020-04-01T15:13:52.092Z',1,43.55205453881282
'2018-09-03T13:20:46.214Z',4,69.59768634
'2018-04-13T16:44:57.273Z',8,43.286829627167435
'2018-10-21T16:58:35.075Z',4,78.18106775710748
'2019-04-07T18:17:35.750Z',7,116.57278533925147
'2018-04-19T23:55:56.619Z',3,45.438709725057294
'2018-03-26T23:19:52.335Z',3,50.127010977921564
'2017-06-24T17:01:13.453Z',5,59.73424554432599
'2016-12-13T18:49:44.173Z',4,74.88408722963403
'2017-05-24T10:09:13.137Z',1,77.98548546031408
'2018-11-28T06:54:21.349Z',8,113.77705175000851
'2019-10-29T18:34:59.070Z',4,76.84212416656894
'2020-01-21T14:08:10.825Z',3,164.66187850637306
'2019-10-29T08:25:04.225Z',7,43.131253289259256
'2016-10-22T06:59:03.370Z',6,68.47426554108488
'2018-09-06T11:43:18.393Z',1,81.09743859
'2018-08-25T21:41:18.126Z',5,90.36779967208146
'2016-07-19T10:02:28.613Z',3,81.48732288020615
'2017-01-22T03:46:12.900Z',8,33.555080288344826
'2017-05-15T04:43:30.635Z',3,28.214539021696485
'2017-09-07T16:46:47.145Z',7,46.94668421865393
'2018-03-31T19:10:42.028Z',6,107.76639213281621
'2017-03-24T17:34:12.517Z',5,38.59939729284566
'2018-11-03T11:20:48.323Z',5,94.87850088002675
'2016-11-05T05:16:12.864Z',6,36.70808142890612
'2019-03-21T16:40:29.365Z',5,83.62540116909244
'2018-07-25T07:31:55.761Z',8,81.07359539
'2018-05-23T12:10:23.070Z',7,109.82922946601586
'2019-11-01T13:35:24.821Z',3,47.24429674210983
'2018-09-09T21:34:40.210Z',3,162.10853256130068
'2018-01-07T21:35:24.672Z',4,66.19947603347421
'2019-11-23T06:04:59.828Z',8,32.65987864578902
'2018-12-14T06:14:31.619Z',3,35.151710938949925
'2018-11-10T05:41:13.182Z',4,67.50266208368157
'2017-12-29T03:12:55.896Z',4,43.69669814105866
'2018-11-17T18:40:30.293Z',3,153.05591133377033
'2018-05-16T00:43:35.378Z',3,145.99398656031119
'2018-05-03T12:43:43.722Z',5,50.423721791892035
'2018-08-01T06:14:35.480Z',8,155.98823535920133
'2019-07-31T18:20:53.960Z',5,124.62952650405424
'2018-12-21T20:17:19.585Z',6,89.32801609135629
'2017-01-31T05:13:58.759Z',7,38.520086259694324
'2020-04-10T11:18:02.342Z',8,158.73190064896892
'2020-03-08T03:44:02.526Z',2,69.44997774630734
'2020-02-09T18:58:49.644Z',2,91.83904439939701
'2018-03-24T12:20:20.147Z',4,70.04453376313603
'2018-09-29T13:01:48.622Z',2,50.007559469975426
'2020-01-01T01:38:03.515Z',2,42.17874690939641
'2019-03-26T02:19:43.928Z',7,66.82270032134227
'2019-01-22T00:04:55.342Z',7,72.19779829682562
'2017-07-17T22:07:03.488Z',1,33.061866678975534
'2017-09-04T09:51:01.596Z',5,34.85711186452224
'2018-04-30T18:27:32.496Z',2,88.68043711945424
'2020-01-28T04:13:38.222Z',8,135.5688748341347
'2017-12-14T23:00:59.751Z',3,54.858100955793574
'2018-05-06T09:27:23.082Z',3,72.38815766
'2019-12-14T14:26:05.081Z',1,123.45274408048249
'2019-02-06T09:17:26.597Z',7,70.71482643488885
'2018-06-03T15:12:51.986Z',2,112.13706461708082
'2019-03-01T11:16:27.707Z',8,100.77544986389421
'2020-01-20T20:41:36.344Z',7,108.48049744633437
'2017-11-21T23:52:24.272Z',6,72.07385718197331
'2019-09-27T08:32:44.448Z',4,106.36585085319285
'2019-07-12T23:11:29.030Z',5,144.38469926101146
'2019-07-05T01:23:30.375Z',5,43.19748186282696
'2017-07-12T19:38:15.183Z',7,43.21951859432064
'2019-08-04T13:52:53.696Z',3,81.49015019665784
'2018-11-23T18:23:13.228Z',1,49.242024088852546
'2017-11-23T10:52:41.889Z',4,51.761310183213595
'2019-07-09T09:07:48.935Z',3,76.99483316824465
'2018-10-16T00:43:15.255Z',8,127.73434626817482
'2018-04-25T05:44:23.407Z',6,100.49935981732762
'2018-01-22T07:31:56.011Z',1,76.98038705783783
'2018-03-05T12:13:08.810Z',3,65.55412535863648
'2019-12-04T00:53:49.924Z',6,141.1031800632443
'2018-10-25T09:22:39.416Z',5,113.81214056608471
'2017-05-29T11:01:06.365Z',1,31.53582013
'2019-06-02T20:25:54.246Z',4,137.9187566838257
'2019-03-26T11:50:37.769Z',2,41.969189926160595
'2018-09-27T22:41:56.626Z',4,62.690583885086255
'2019-05-14T15:41:30.528Z',7,99.12517398850397
'2019-10-23T07:54:31.268Z',6,57.53649989983677
'2019-08-15T13:50:54.802Z',7,119.59227420352003
'2019-07-26T21:00:52.504Z',2,169.03102070080755
'2020-02-22T22:58:19.029Z',7,76.38256021290562
'2018-11-02T09:55:48.221Z',4,145.4654352429062
'2017-07-18T21:53:32.388Z',3,94.80011176313158
'2020-04-16T08:43:19.854Z',2,37.43245869
'2018-10-22T08:27:01.674Z',8,81.70889336591883
'2020-01-03T03:16:21.739Z',7,91.48543622
'2018-02-04T09:02:11.846Z',7,150.31500210589246
'2017-07-04T22:35:42.656Z',2,80.51419020973593
'2017-09-26T03:20:45.548Z',1,46.286403628442265
'2016-11-07T15:47:01.192Z',7,49.02022932814971
'2017-09-23T13:19:50.864Z',7,43.14052445889962
'2019-01-23T04:07:57.926Z',6,136.80267772310236
'2018-02-20T18:38:49.872Z',7,46.429262612516624
'2018-06-29T20:28:41.230Z',5,112.28929980952037
'2018-06-04T17:21:01.114Z',2,66.60942114941086
'2017-12-19T05:05:15.431Z',6,28.373189752716854
'2020-04-06T02:52:22.735Z',8,110.4990217974888
'2019-01-18T17:01:26.949Z',2,123.98348478843947
'2017-04-27T09:37:08.585Z',1,50.37804438405897
'2018-04-12T01:56:13.555Z',4,138.04005995126695
'2019-08-27T06:02:01.355Z',8,139.46828647133864
'2018-10-13T13:50:04.711Z',8,135.30171805650536
'2019-04-14T07:27:37.394Z',4,59.93100343997973
'2018-06-14T00:13:31.541Z',4,52.25582191884405
'2018-12-30T05:05:25.549Z',2,157.32648092918507
'2017-05-15T00:11:05.313Z',6,25.60613713
'2019-10-30T17:55:08.939Z',5,55.146009732202366
'2019-12-13T23:16:04.048Z',3,48.00833143311281
'2016-12-14T18:51:18.683Z',5,58.8166778
'2019-02-16T05:19:25.809Z',5,60.57499282295829
'2019-01-24T06:06:44.112Z',6,148.51691078525738
'2018-10-25T00:48:41.449Z',1,80.06280529068532
'2018-06-07T11:08:47.509Z',1,110.36955679972814
'2019-10-18T18:00:06.205Z',8,78.41763647482325
'2019-02-16T17:17:22.101Z',6,70.95150104303822
'2018-08-07T19:39:32.668Z',3,71.06551204044615
'2019-06-17T01:38:26.677Z',3,125.71573469878915
'2016-12-20T21:04:59.953Z',5,62.31743197891866
'2019-03-14T08:15:20.330Z',2,103.98961891288228
'2019-10-21T05:27:44.694Z',8,103.65339295623387
'2019-06-13T06:02:58.434Z',3,154.1194542
'2019-04-08T14:40:02.952Z',7,54.40795974094932
'2019-02-21T08:44:42.131Z',3,109.52613020146444
'2018-10-09T10:07:17.367Z',7,141.85499918837323
'2019-01-27T01:11:54.004Z',7,86.31301960536325
'2018-02-11T17:22:56.986Z',1,80.40424658437874
'2017-05-21T09:44:21.097Z',2,77.21372714738702
'2018-04-03T09:49:17.359Z',2,69.98120175873726
'2019-01-28T20:23:31.940Z',2,129.81376237265152
'2019-12-15T07:50:21.971Z',7,73.29021414078763
'2019-12-11T22:32:49.393Z',6,38.73270524027215
'2019-11-19T03:00:49.670Z',3,66.43917928770652
'2018-05-31T02:39:07.446Z',7,123.32736381365069
'2018-05-13T20:51:34.613Z',7,126.45697312620119
'2019-07-28T15:33:03.448Z',2,139.63114233108203
'2019-09-20T16:27:02.302Z',5,142.15507683810281
'2018-04-16T02:18:49.754Z',4,93.68236546161715
'2018-11-14T02:15:32.734Z',7,86.78594859
'2018-01-28T13:52:22.535Z',8,37.11976249115539
'2017-11-04T23:52:40.257Z',2,27.65552648798479
'2020-04-16T15:40:30.747Z',5,127.97307936784394
'2016-09-30T18:52:52.597Z',5,90.10929697495858
'2018-07-20T09:00:56.118Z',1,87.77014831491715
'2017-05-01T02:36:53.728Z',5,100.98943861906812
'2018-04-11T14:52:17.129Z',4,107.48355675433932
'2016-09-12T00:19:46.944Z',8,47.88880294922589
'2019-04-17T14:42:17.369Z',3,106.96979299107457
'2019-04-16T20:11:25.350Z',1,109.0720632372571
'2019-09-30T22:03:34.007Z',7,161.2225491878722
'2018-03-30T01:20:07.374Z',1,79.28748820329966
'2019-11-27T17:59:08.267Z',5,79.55907934990496
'2019-03-09T20:18:44.412Z',2,44.51416956049029
'2018-08-27T07:49:04.902Z',5,136.0939048203005
'2018-11-17T09:02:06.172Z',7,73.78108602923699
'2020-02-19T00:13:15.239Z',5,82.38643385747477
'2019-02-21T00:08:16.677Z',5,110.91056320418542
'2018-04-26T15:03:03.241Z',4,82.30879061341975
'2018-02-11T19:43:33.667Z',2,110.1473689337005
'2020-03-21T09:19:15.550Z',3,146.22876302955086
'2018-07-13T07:12:43.141Z',4,72.58277720722793
'2020-02-14T07:09:05.629Z',3,25.117820730127164
'2020-03-12T23:36:14.845Z',6,105.97832494800566
'2018-09-29T09:06:03.322Z',3,154.7461260092034
'2018-07-07T22:13:06.059Z',6,121.53841140624938
'2019-02-28T19:07:13.139Z',7,118.68107194157177
'2017-11-28T15:42:55.181Z',5,87.05834078516091
'2018-05-10T13:17:04.030Z',5,97.42809380104596
'2020-03-13T01:59:52.383Z',7,43.15933052
'2018-07-20T22:34:25.111Z',6,100.64221486178273
'2018-03-02T03:40:44.459Z',5,51.061516175773335
'2018-12-01T17:24:16.211Z',2,23.962524136563967
'2017-11-08T05:11:15.275Z',7,91.01307739349237
'2017-09-22T04:37:16.735Z',3,91.47420645976183
'2017-11-25T04:29:08.809Z',6,83.66040561611045
'2020-03-29T05:38:30.860Z',7,97.39356264087166
'2020-01-17T07:36:41.021Z',7,91.28541457505112
'2018-12-09T14:48:53.538Z',3,112.42197034985762
'2019-05-29T00:22:59.605Z',6,137.62789177154806
'2019-09-09T17:51:44.900Z',5,74.01280490154731
'2018-09-12T10:20:33.785Z',1,96.07224649021066
'2019-11-17T13:08:04.258Z',4,102.04238800659506
'2019-09-02T18:19:18.606Z',8,34.36385476768041
'2019-01-11T21:20:20.093Z',7,44.51976359155365
'2018-09-24T06:31:27.749Z',2,67.05214729084501
'2019-02-13T19:15:41.696Z',4,114.04732134060227
'2018-10-06T02:35:53.190Z',1,141.7547426780257
'2018-03-19T17:46:03.831Z',1,33.41700815993659
'2018-11-23T07:10:34.807Z',1,44.01175346304604
'2017-07-17T05:02:28.373Z',8,75.19529953918392
'2018-12-12T15:35:19.116Z',7,61.43842611
'2018-09-08T16:04:30.401Z',1,143.20510821283852
'2019-06-05T16:06:02.171Z',5,108.72616618161481
'2019-05-05T10:38:53.947Z',2,112.89683980828991
'2020-01-31T17:37:26.151Z',4,64.40966312
'2019-06-17T19:15:48.087Z',2,76.72112620141485
'2018-11-30T12:22:17.191Z',3,124.27066350930355
'2019-05-27T23:58:56.298Z',4,150.6959829698749
'2019-01-29T09:09:46.885Z',8,65.88809885477954
'2018-02-11T06:58:06.100Z',1,42.44748555964177
'2018-07-02T14:18:19.570Z',8,82.44957973762081
'2016-12-25T16:32:09.124Z',3,78.26648239451838
'2018-05-28T21:38:06.216Z',2,97.09284786463776
'2019-02-25T10:53:30.550Z',2,95.64184414468899
'2018-01-10T00:01:59.312Z',6,55.06422641055436
'2019-07-19T22:28:11.047Z',8,49.81385832929525
'2017-08-06T20:52:37.170Z',3,90.25983295736816
'2019-11-21T05:12:38.745Z',8,66.0913219
'2017-02-02T09:11:45.170Z',6,41.124319065316406
'2018-11-14T18:43:28.539Z',6,142.33469463335337
'2018-09-28T01:48:23.313Z',6,66.81611995078971
'2017-11-08T08:00:26.142Z',4,30.140644068609404
'2019-03-18T12:49:03.080Z',4,48.780326887067815
'2017-10-09T00:07:49.203Z',3,57.67462282
'2020-02-08T17:24:14.686Z',7,54.81395758568584
'2019-06-24T11:30:59.501Z',4,30.341408816723074
'2017-06-10T17:56:41.901Z',1,99.07079234883618
'2019-10-16T05:31:29.627Z',4,74.95255689521608
'2017-01-28T22:59:36.186Z',5,87.16570152
'2018-11-28T17:17:06.073Z',1,105.4870260426822
'2020-02-12T23:14:59.838Z',3,44.17090934301357
'2017-02-16T21:08:43.721Z',2,100.13013233507327
'2017-09-22T21:19:29.744Z',3,45.50997301840488
'2020-02-07T18:57:27.773Z',3,70.18808411628585
'2017-03-03T06:16:06.371Z',4,60.33407783912414
'2018-12-10T15:29:01.328Z',5,47.75494056024325
'2017-10-09T23:16:17.204Z',2,37.619668538310584
'2017-07-29T00:12:59.731Z',7,48.22023858787559
'2020-02-08T22:29:53.927Z',7,142.3217900015709
'2017-07-03T07:16:53.129Z',7,57.88338927
'2019-11-16T16:37:01.755Z',3,69.45345340673161
'2018-10-02T09:18:07.838Z',4,79.40676647787669
'2020-01-26T09:36:55.157Z',8,95.98167506699262
'2018-06-13T01:15:50.585Z',5,41.79301595
'2018-12-06T00:51:50.533Z',5,109.4701345180853
'2018-08-28T22:15:24.575Z',5,81.55715271945428
'2018-06-12T01:48:47.796Z',1,80.45029408807089
'2019-04-16T13:30:28.158Z',8,116.11953187670899
'2017-11-30T12:26:56.889Z',6,74.57522817311732
'2020-04-10T13:05:29.116Z',7,123.33829992802758
'2019-01-16T15:07:39.784Z',1,120.60121038243872
'2018-04-21T06:15:15.251Z',8,124.62024281001621
'2018-11-15T12:37:31.128Z',7,74.49511427386076
'2018-01-23T09:16:11.979Z',8,64.24291667
'2018-12-01T18:44:31.115Z',8,126.16400397823445
'2017-10-12T23:22:11.474Z',2,52.38900890294173
'2017-08-04T06:38:19.267Z',2,54.86235430182604
'2020-03-31T09:13:59.291Z',4,112.82369283397188
'2019-12-21T03:53:05.427Z',2,73.36787482674251
'2017-10-04T19:18:37.755Z',6,28.553085853836762
'2020-04-09T22:32:02.832Z',2,76.67353838114758
'2017-12-19T08:59:43.275Z',8,40.61121532959514
'2020-01-08T03:35:14.906Z',1,71.25312812650387
'2018-08-08T04:41:07.702Z',4,105.47965047394159
'2018-08-03T20:14:11.482Z',6,69.21360949124123
'2019-03-27T08:04:14.312Z',6,113.19324461086526
'2019-09-11T08:11:42.114Z',2,57.122999497336096
'2018-10-19T10:08:58.822Z',2,36.37475657
'2018-05-15T00:03:20.438Z',5,50.511310373949755
'2017-05-07T03:59:43.746Z',1,49.98082468459164
'2016-10-24T14:52:31.149Z',7,38.55268583489211
'2019-07-23T12:32:24.642Z',6,103.16541397588813
'2018-11-26T07:20:19.200Z',2,134.3951470943017
'2018-06-08T17:38:32.795Z',5,51.64408542732877
'2018-04-07T00:43:14.996Z',1,40.367806679100454
'2019-04-24T07:05:47.932Z',3,84.88195824834936
'2017-03-28T16:53:28.690Z',6,94.42002276561553
'2017-11-18T03:47:42.390Z',8,31.16880429687065
'2018-09-07T22:07:43.778Z',1,78.64071268205451
'2019-05-17T07:10:28.274Z',1,93.24014031414076
'2017-06-04T08:23:13.561Z',8,61.456814129791674
'2018-08-23T22:46:11.190Z',3,142.68858081678866
'2020-02-23T06:03:05.345Z',2,148.9896853164096
'2019-07-25T23:51:45.285Z',8,122.3327220628038
'2018-11-01T16:46:43.839Z',3,74.07047629
'2018-09-03T14:43:01.247Z',5,67.93865357
'2020-02-16T03:57:04.082Z',1,57.78640141320066
'2018-12-30T01:33:55.796Z',1,52.62621012103395
'2018-11-29T23:58:30.525Z',8,139.1716330921018
'2019-03-14T01:51:22.522Z',3,99.83265504998995
'2019-05-11T04:50:43.892Z',3,77.25903388916633
'2020-03-14T14:19:23.238Z',6,148.3778571873861
'2016-12-04T01:56:25.412Z',5,70.51666853137047
'2019-02-17T19:51:42.520Z',8,87.21398254905371
'2019-06-29T00:20:19.414Z',1,35.010132181653425
'2020-04-03T17:25:09.691Z',7,52.820601190200044
'2018-12-25T02:26:21.788Z',2,88.63548139
'2018-08-26T20:30:05.722Z',6,55.01131392147854
'2019-06-30T22:37:46.976Z',4,46.28360922933321
'2020-01-27T06:16:52.371Z',1,107.55218128279861
'2019-03-08T07:45:12.358Z',1,41.66041421156878
'2019-12-18T13:48:29.368Z',3,93.82711197112535
'2018-02-10T13:41:20.770Z',2,46.548299059432246
'2018-01-02T08:41:04.978Z',2,139.2772609428215
'2017-05-11T14:21:20.914Z',5,66.88708701983921
'2017-01-25T23:26:01.286Z',8,58.529921633983726
'2019-08-20T11:14:41.192Z',4,82.18943280467253
'2018-03-18T22:21:33.336Z',1,115.69766751827933
'2019-01-29T21:11:07.883Z',7,84.71263820347696
'2019-12-25T02:05:32.306Z',6,63.54126549446703
'2019-12-14T20:21:33.836Z',3,64.23871414669595
'2018-04-08T11:04:50.482Z',3,117.61969657444475
'2017-12-21T00:41:43.033Z',8,90.14570546603578
'2018-03-04T11:02:56.754Z',5,139.10888289405378
'2018-01-22T19:56:59.805Z',3,65.32218303764763
'2018-04-23T22:29:38.003Z',5,139.8400029509419
'2019-04-15T23:15:45.222Z',7,65.96185787638638
'2016-12-27T14:01:59.373Z',4,43.20797653706455
'2016-08-14T09:46:22.735Z',4,37.11029876049708
'2017-08-20T15:15:43.861Z',6,77.35588227184464
'2019-09-10T08:56:11.986Z',4,64.42888657756639
'2018-06-21T01:25:59.872Z',6,73.69077294
'2020-03-14T17:05:23.780Z',2,150.8825298190279
'2020-03-28T12:03:39.840Z',8,125.38687361681099
'2018-01-25T04:34:43.085Z',1,37.009142873481274
'2016-11-14T20:20:24.557Z',2,50.44993424943899
'2019-07-16T21:23:42.637Z',8,38.88906414141143
'2019-08-05T06:14:04.131Z',3,127.51078164670027
'2018-04-16T11:57:07.114Z',8,84.36420989826458
'2019-10-31T08:37:43.883Z',4,119.39052596117705
'2020-02-15T23:22:07.426Z',6,71.53564708
'2018-11-25T02:56:28.222Z',4,88.84132672277241
'2018-02-18T15:59:01.516Z',2,34.452337261118146
'2019-03-27T18:42:44.552Z',8,107.55943281772463
'2019-12-09T07:56:22.213Z',1,168.66184185246155
'2019-11-16T19:51:55.744Z',4,80.98988449187918
'2018-03-25T20:18:41.826Z',5,154.90509075606028
'2017-02-15T05:29:03.900Z',8,68.11970030014191
'2017-11-12T14:20:24.753Z',4,55.399937299661296
'2020-04-07T02:10:42.999Z',4,130.67871212152744
'2019-08-14T03:28:38.209Z',7,75.31538866942935
'2019-06-09T18:58:18.928Z',3,28.76978826304209
'2019-01-31T23:38:30.346Z',8,113.77617174573511
'2019-11-25T13:57:12.374Z',8,118.30942527499668
'2019-08-23T00:54:41.491Z',1,111.54331338864382
'2018-03-05T00:57:51.183Z',8,136.86239299969688
'2017-09-07T19:27:45.558Z',7,71.98292827442255
'2020-03-10T05:24:59.354Z',4,72.11884408671929
'2020-02-16T02:00:37.015Z',5,139.13751416494148
'2019-11-24T19:53:13.951Z',1,60.375934284323414
'2019-05-21T10:32:52.927Z',6,61.32897592263356
'2018-03-18T09:30:01.593Z',4,56.490793400710075
'2019-10-09T09:31:53.811Z',7,93.57042130977204
'2017-12-28T12:52:46.298Z',2,18.299887744099674
'2020-03-12T16:25:18.874Z',5,85.07890985239383
'2017-05-30T15:05:13.107Z',4,75.97925353
'2017-04-14T14:17:08.672Z',5,50.23615183803681
'2018-10-29T15:50:55.344Z',5,107.18760909062102
'2017-07-25T05:39:45.863Z',4,48.61452962611301
'2017-12-30T18:17:16.636Z',7,48.34600826788604
'2018-04-04T00:39:22.060Z',1,69.77776669987563
'2019-07-31T14:57:23.185Z',7,145.35254129351148
'2019-04-04T22:43:33.027Z',7,43.452485326454976
'2019-05-25T10:07:50.855Z',4,111.74886380541817
'2017-04-20T18:44:23.816Z',7,84.78827389251919
'2019-05-05T15:13:47.868Z',8,62.30931144
'2020-02-08T17:20:29.358Z',7,137.62911089233558
'2019-03-07T21:44:00.778Z',1,111.80063018776868
'2019-01-05T10:41:02.392Z',5,111.73393387589783
'2016-06-28T01:32:09.451Z',1,76.36567632211212
'2018-10-25T10:40:42.681Z',6,66.17328740969373
'2019-12-09T20:48:36.869Z',8,140.00918905842045
'2019-12-09T22:12:08.131Z',6,94.7067599
'2019-06-21T09:21:12.435Z',2,54.68257841077061
'2018-10-22T18:56:57.400Z',4,81.57948746329257
'2019-01-13T04:36:06.284Z',3,126.43401056141528
'2018-11-02T08:40:48.306Z',4,145.51681032099953
'2018-10-18T22:06:38.540Z',7,70.16753188
'2020-01-19T05:17:45.765Z',5,113.19807269815875
'2020-02-14T13:45:26.118Z',1,34.12099011753159
'2018-12-01T03:34:50.422Z',7,47.42028262427181
'2019-11-05T04:22:08.514Z',7,40.15770075743934
'2017-08-15T08:08:41.000Z',6,73.28747379
'2018-05-29T21:48:43.163Z',8,114.7469325008982
'2019-02-13T12:05:45.214Z',7,66.73763803164728
'2018-09-27T12:43:52.566Z',2,91.59303563806822
'2019-04-07T17:24:51.021Z',6,100.97614799863673
'2020-03-29T23:33:15.342Z',7,80.86224021839654
'2019-01-08T02:18:58.766Z',7,66.43198121211245
'2018-11-12T17:15:23.027Z',7,62.20051573345306
'2019-11-08T11:58:46.680Z',2,56.712694221789086
'2018-03-26T15:45:34.964Z',6,51.09763021105106
'2019-10-19T19:13:13.754Z',2,130.0266607529237
'2019-06-04T07:54:59.696Z',4,41.58460293102793
'2018-06-10T15:07:13.747Z',8,52.16900352658669
'2018-09-25T11:22:19.538Z',4,43.573716192714166
'2018-04-11T06:21:20.600Z',1,44.944563849207796
'2016-09-27T11:40:18.469Z',4,34.35361041948319
'2020-02-15T19:42:57.262Z',3,153.95914996380887
'2017-08-11T07:48:45.789Z',7,79.59989355918736
'2019-07-17T09:29:43.364Z',8,64.67512362
'2019-02-06T15:25:37.895Z',5,108.4053335535487
'2019-11-23T19:31:33.787Z',7,62.42313449929174
'2019-10-27T03:00:50.918Z',8,72.79230982939687
'2018-09-08T05:43:34.399Z',8,119.20687958507128
'2018-06-17T12:57:18.284Z',7,68.6707005
'2018-01-26T16:15:13.494Z',5,54.57374389536577
'2019-05-13T02:36:02.144Z',2,142.05568221884002
'2017-03-05T11:34:35.521Z',5,66.70864934398337
'2018-09-14T01:16:28.601Z',3,44.21881213370794
'2019-08-20T10:50:02.847Z',8,83.46095202550123
'2020-04-03T15:17:33.255Z',6,122.62378219498302
'2017-03-19T14:11:13.068Z',3,57.59856329
'2019-09-14T12:03:09.402Z',2,75.00573444599334
'2018-02-09T12:57:35.440Z',8,44.836264376507785
'2019-01-15T12:25:59.346Z',5,39.785048012817754
'2019-04-24T00:38:36.736Z',3,24.29152290034582
'2019-09-06T23:37:32.933Z',2,131.22642037626846
'2020-01-17T22:49:31.821Z',4,92.29567742229835
'2017-12-03T06:24:58.670Z',3,78.12980534846774
'2017-03-18T02:06:01.062Z',7,38.86792900400411
'2018-10-12T05:15:17.159Z',2,39.30832066668318
'2018-12-25T16:33:34.993Z',4,121.51304469178362
'2017-02-26T20:33:36.509Z',4,62.20147031647567
'2018-12-20T19:29:55.532Z',4,117.73696476698267
'2018-09-24T14:06:07.637Z',4,50.42777542534436
'2018-09-29T18:03:11.401Z',2,56.31574419484899
'2020-02-06T23:16:09.634Z',2,62.81945367826348
'2019-01-20T16:28:59.621Z',8,119.41739585878514
'2018-01-16T23:01:34.405Z',3,62.69012014
'2020-04-04T05:12:56.628Z',6,81.59649751604817
'2016-06-12T01:59:46.603Z',8,72.31572760083591
'2017-08-16T03:23:20.539Z',7,36.16270868529502
'2018-01-17T10:11:49.311Z',7,45.207612787423436
'2018-02-20T05:30:06.673Z',8,97.65451221375433
'2018-07-08T09:09:01.149Z',2,105.90379140644305
'2017-01-15T19:56:17.920Z',3,22.677434635738216
'2019-03-03T01:47:49.816Z',5,123.01119076601468
'2019-08-23T18:05:31.084Z',5,81.03637642906398
'2020-02-04T04:45:25.737Z',6,137.23406441060152
'2018-06-13T19:17:00.505Z',7,120.25572886922563
'2017-11-14T05:39:07.917Z',6,103.44214489423621
'2018-07-31T09:04:20.423Z',6,44.05312475241737
'2018-12-20T12:56:40.426Z',5,129.0303303815945
'2018-07-31T13:45:20.218Z',8,76.28507365946733
'2018-12-27T14:07:35.736Z',7,104.43095966805701
'2020-04-11T18:01:28.708Z',5,86.77097106054798
'2019-02-27T02:54:20.932Z',6,124.92973717374949
'2018-11-03T16:23:28.507Z',2,41.73451401380074
'2018-02-02T06:56:48.759Z',5,49.06923677801198
'2019-03-08T14:14:27.056Z',7,139.87943913839524
'2019-06-13T11:32:40.075Z',5,85.93345613048649
'2018-05-01T21:23:12.132Z',2,148.43316584260955
'2019-06-18T05:52:09.877Z',6,40.949269297824706
'2018-05-03T08:57:10.379Z',3,53.25027421120228
'2017-09-22T23:37:59.777Z',4,39.11274480374702
'2018-12-13T08:45:23.626Z',8,130.95321130129295
'2018-04-03T04:41:15.316Z',8,50.92876776703321
'2019-08-14T21:11:03.938Z',7,85.15766365458657
'2018-08-23T22:07:48.622Z',2,146.25259999926968
'2019-11-05T22:26:41.898Z',7,94.06087237539151
'2019-07-12T00:09:59.354Z',1,122.22045506748276
'2019-07-13T00:51:41.995Z',3,103.73485083577337
'2018-12-16T22:02:15.211Z',5,57.03276495
'2019-06-14T17:05:38.386Z',7,140.73610654402498
'2017-04-30T01:41:34.669Z',1,110.31324324798959
'2018-12-23T03:53:39.367Z',3,113.12294163620386
'2017-12-18T13:32:49.765Z',7,50.10234065099232
'2018-06-24T15:21:50.227Z',5,52.59135214195156
'2019-12-21T16:52:45.188Z',8,79.63720452151588
'2019-09-20T13:20:52.788Z',2,151.48720193159778
'2018-01-20T04:33:53.657Z',4,88.72722649617559
'2020-01-20T07:04:13.562Z',8,36.441178212829726
